band,filter_id,facility,instrument,wavelength_eff,fwhm,mean_overlap,min_overlap,median_overlap,n_low_pairs,is_outlier
B,SOFIA/HAWC.B,SOFIA,HAWC,630574.5,91446.8,0.0000,0.0000,0.0000,90,True
B,LaSilla/EFOSC.ESO724,La Silla,EFOSC,4442.4,1837.7,0.8436,0.0000,0.8720,1,False
B,CAHA/LAICA.Johnson_B,CAHA,LAICA,4213.7,1322.5,0.8832,0.0000,0.9058,1,False
B,CAHA/LAICA.Johnson_B2,CAHA,LAICA,4345.6,1460.3,0.8946,0.0000,0.9183,1,False
B,CAHA/CAHA.451_73,CAHA,,4498.5,706.8,0.8979,0.0000,0.9135,1,False
B,CAHA/Astralux.B,CAHA,Astralux,4550.0,677.8,0.9034,0.0000,0.9201,1,False
B,HCT/HFOSC.Bessell_B,HCT,HFOSC,4573.9,1062.6,0.9064,0.0000,0.9263,1,False
B,TYCHO/TYCHO.B,TYCHO,,4280.0,709.7,0.9090,0.0000,0.9266,1,False
B,CAHA/Astralux.B_noatm,CAHA,Astralux,4538.0,694.6,0.9096,0.0000,0.9262,1,False
B,TYCHO/TYCHO.B_bes,TYCHO,,4234.3,689.0,0.9172,0.0000,0.9353,1,False
B,TYCHO/TYCHO.B_MvB,TYCHO,,4219.1,738.5,0.9196,0.0000,0.9381,1,False
B,Paranal/VIMOS.B,Paranal,VIMOS,4288.9,963.3,0.9215,0.0000,0.9365,1,False
B,CFHT/MOCAM.B,CFHT,MOCAM,4309.1,959.5,0.9229,0.0000,0.9386,1,False
B,CAHA/PlanetCam2.VIS_B,CAHA,PlanetCam2,4532.8,864.5,0.9231,0.0000,0.9400,1,False
B,INT/WFC.B,INT,WFC,4375.0,1023.7,0.9266,0.0000,0.9377,1,False
B,CAHA/CAHA.449_75,CAHA,,4474.3,749.6,0.9302,0.0000,0.9482,1,False
B,Paranal/OmegaCAM.B_qC,Paranal,OmegaCAM,4402.7,983.5,0.9306,0.0000,0.9422,1,False
B,Paranal/OmegaCAM.B_qC_filter,Paranal,OmegaCAM,4397.6,988.8,0.9313,0.0000,0.9431,1,False
B,CAHA/Astralux.B_filter,CAHA,Astralux,4492.1,742.8,0.9316,0.0000,0.9494,1,False
B,CAHA/CAHA.448_75ab,CAHA,,4462.3,748.6,0.9351,0.0000,0.9545,1,False
B,CFHT/CFH12k.B,CFHT,CFH12k,4300.8,990.4,0.9352,0.0000,0.9527,1,False
B,LaSilla/SUSI2.B_817,La Silla,SUSI2,4227.1,991.7,0.9364,0.0000,0.9576,1,False
B,LaSilla/SUSI2.B,La Silla,SUSI2,4227.1,989.4,0.9366,0.0000,0.9577,1,False
B,LBT/LBCB.bessel-B,LBT,LBC,4231.4,944.2,0.9390,0.0000,0.9591,1,False
B,Paranal/OmegaCAM.B,Paranal,OmegaCAM,4390.8,1005.9,0.9408,0.0000,0.9544,1,False
B,Paranal/OmegaCAM.B_filter,Paranal,OmegaCAM,4384.6,1017.4,0.9415,0.0000,0.9556,1,False
B,Paranal/FORS2.ESO1074,Paranal,FORS2,4240.7,974.5,0.9418,0.0000,0.9628,1,False
B,Paranal/OmegaCAM.B_qB,Paranal,OmegaCAM,4386.9,1021.1,0.9418,0.0000,0.9560,1,False
B,Paranal/OmegaCAM.B_qD,Paranal,OmegaCAM,4387.3,1022.7,0.9418,0.0000,0.9561,1,False
B,Paranal/OmegaCAM.B_qA,Paranal,OmegaCAM,4387.3,1023.3,0.9421,0.0000,0.9565,1,False
B,Paranal/OmegaCAM.B_qB_filter,Paranal,OmegaCAM,4380.3,1033.2,0.9421,0.0000,0.9567,1,False
B,Paranal/OmegaCAM.B_qA_filter,Paranal,OmegaCAM,4380.7,1035.5,0.9422,0.0000,0.9569,1,False
B,Paranal/OmegaCAM.B_qD_filter,Paranal,OmegaCAM,4380.8,1034.9,0.9424,0.0000,0.9571,1,False
B,Paranal/OmegaCAM.B_aux,Paranal,OmegaCAM,4388.4,990.3,0.9427,0.0000,0.9573,1,False
B,XMM/OM.B_filter,XMM,OM,4360.9,979.7,0.9428,0.0000,0.9575,1,False
B,Paranal/OmegaCAM.B_aux_filter,Paranal,OmegaCAM,4381.8,1012.5,0.9431,0.0000,0.9585,1,False
B,Paranal/FORS1.ESO1034,Paranal,FORS1,4241.8,949.0,0.9432,0.0000,0.9638,1,False
B,XMM/OM.B,XMM,OM,4331.3,986.0,0.9441,0.0000,0.9593,1,False
B,OAF/Bessell.B,OAF,,4261.9,926.5,0.9448,0.0000,0.9663,1,False
B,Misc/MCPS.B,LCO,,4394.5,1008.6,0.9457,0.0000,0.9621,1,False
B,Misc/AndromedA.B,AndromedA,,4241.7,969.1,0.9466,0.0000,0.9695,1,False
B,Swift/UVOT.B_fil,Swift,UVOT,4384.9,940.2,0.9486,0.0000,0.9643,1,False
B,Gemini/AcqCam-S.B,Gemini,AcqCam-S,4288.8,1085.0,0.9503,0.0000,0.9748,1,False
B,CTIO/Y4KCam.B,CTIO,Y4KCam,4285.6,1015.2,0.9505,0.0000,0.9740,1,False
B,Swift/UVOT.B_trn,Swift,UVOT,4346.0,980.5,0.9510,0.0000,0.9686,1,False
B,Swift/UVOT.B,Swift,UVOT,4345.3,978.3,0.9511,0.0000,0.9687,1,False
B,Keck/LRIS.B,Keck,LRIS,4320.9,908.7,0.9520,0.0000,0.9667,1,False
B,FLWO/KeplerCam.B_Harris,FLWO,KeplerCam,4317.2,1094.0,0.9521,0.0000,0.9770,1,False
B,STELLA/WiFSIP.Bessel_B,STELLA,WiFSIP,4335.8,979.3,0.9536,0.0000,0.9697,1,False
B,Subaru/FOCAS.B,Subaru,FOCAS,4372.5,1084.4,0.9542,0.0000,0.9746,1,False
B,Subaru/Suprime.B_filter,Subaru,Suprime,4344.1,1082.9,0.9556,0.0000,0.9756,1,False
B,P200/LFC.B_filter,Palomar,LFC,4343.6,954.6,0.9558,0.0000,0.9764,1,False
B,OSN/Johnson.B,OSN,,4363.4,1085.6,0.9559,0.0000,0.9716,1,False
B,OSN/Johnson.B2,OSN,,4363.3,1085.6,0.9559,0.0000,0.9716,1,False
B,P200/LFC.B,Palomar,LFC,4359.1,955.6,0.9562,0.0000,0.9770,1,False
B,LCO/MagIC.B,LCO,MagIC,4299.0,1066.3,0.9567,0.0000,0.9824,1,False
B,NOT/StanCam.Bes_B,NOT,StanCam,4309.6,1069.7,0.9568,0.0000,0.9804,1,False
B,LCO/IMACS.Bessell_B1,LCO,IMACS,4312.9,1071.1,0.9572,0.0000,0.9822,1,False
B,OSN/Circ.Johnson_B,OSN,,4326.0,1078.0,0.9577,0.0000,0.9757,1,False
B,LCO/IMACS.Bessell_B2,LCO,IMACS,4312.5,1082.8,0.9580,0.0000,0.9783,1,False
B,TNG/OIG.B,TNG,OIG,4359.9,1019.9,0.9591,0.0000,0.9739,1,False
B,TNG/TNG.TNG02,TNG,,4360.2,1019.9,0.9593,0.0000,0.9741,1,False
B,LICK/LICK.B,LICK,,4354.4,937.9,0.9593,0.0000,0.9797,1,False
B,TNG/DOLORES.B,TNG,DOLORES,4325.6,1041.1,0.9596,0.0000,0.9766,1,False
B,TNG/TNG.TNG10,TNG,,4325.8,1041.1,0.9596,0.0000,0.9765,1,False
B,LCO/WFCCD.B,LCO,WFCCD,4385.2,980.1,0.9612,0.0000,0.9746,1,False
B,TJO/LAIA.B,TJO,LAIA,4403.5,893.8,0.9615,0.0000,0.9772,1,False
B,CTIO/MosaicII.B,CTIO,MosaicII,4360.0,1011.4,0.9617,0.0000,0.9772,1,False
B,KPNO/Mosaic.B,KPNO,Mosaic,4357.3,993.5,0.9617,0.0000,0.9776,1,False
B,OHP/Cam120.B,OHP,Cam120,4404.5,930.5,0.9621,0.0000,0.9790,1,False
B,SAO/SCORPIO.B,SAO,SCORPIO,4363.3,967.9,0.9622,0.0000,0.9778,1,False
B,Liverpool/RATCam.bessel-B,LT,RATCam,4332.7,980.2,0.9623,0.0000,0.9794,1,False
B,TJO/MEIA.B,TJO,MEIA,4380.9,924.5,0.9627,0.0000,0.9791,1,False
B,CTIO/SOI.bessel_B,CTIO,,4317.9,991.5,0.9629,0.0000,0.9818,1,False
B,BOK/90prime.B,BOK,90prime,4306.7,985.4,0.9630,0.0000,0.9829,1,False
B,LCO/CCD3x3.LC-3013,LCO,,4336.2,1013.7,0.9630,0.0000,0.9784,1,False
B,TJO/LAIA.B_filter,TJO,LAIA,4342.8,992.0,0.9630,0.0000,0.9811,1,False
B,TJO/MEIA2.B_filter,TJO,MEIA2,4342.8,992.0,0.9630,0.0000,0.9811,1,False
B,NOT/ALFOSC.Bes_B,NOT,ALFOSC,4319.7,1013.6,0.9631,0.0000,0.9809,1,False
B,McD/DIAFI.B,McDonalds,DIAFI,4318.2,1006.3,0.9632,0.0000,0.9810,1,False
B,LaSilla/EFOSC.ESO639,La Silla,EFOSC,4344.1,1011.2,0.9633,0.0000,0.9803,1,False
B,OHP/Cam120.B_fil,OHP,Cam120,4391.5,957.7,0.9635,0.0000,0.9787,1,False
B,IAC80/TCP.B,IAC80,TCP,4320.0,992.3,0.9636,0.0000,0.9815,1,False
B,Scorpio/Johnson.B,Scorpio,,4364.4,967.9,0.9636,0.0000,0.9804,1,False
B,LCO/e2v.B,LCO,e2v,4395.0,934.7,0.9637,0.0000,0.9801,1,False
B,LCO/CSP2.B,LCO,Swope,4395.0,934.7,0.9637,0.0000,0.9801,1,False
B,LCO/CSP.B,LCO,SITe3,4392.2,949.0,0.9637,0.0000,0.9807,1,False
B,LCO/SITe3.B,LCO,SITe3,4392.2,949.0,0.9637,0.0000,0.9807,1,False
B,IAC80/CAMELOT.B,IAC80,CAMELOT,4335.4,975.6,0.9645,0.0000,0.9812,1,False
B,FLWO/KeplerCam.B_Harris_old,FLWO,KeplerCam,4355.8,970.6,0.9645,0.0000,0.9814,1,False
B,LasCumbres/LasCumbres.Bessel_B,LasCumbres,,4341.2,952.8,0.9648,0.0000,0.9795,1,False
V,VATT/VATT.V_vilnius,VATT,,5442.3,247.3,0.7346,0.6035,0.7408,0,False
V,HCT/HFOSC.Bessell_V,HCT,HFOSC,5696.9,1584.5,0.8622,0.6035,0.8659,0,False
V,Paranal/SPHERE.ZIMPOL_V,Paranal,SPHERE,5524.9,794.6,0.8821,0.7635,0.8767,0,False
V,Misc/AndromedA.Vcb,AndromedA,,5279.6,834.4,0.8983,0.7254,0.9133,0,False
V,TYCHO/TYCHO.V_MvB,TYCHO,,5258.5,1116.4,0.9078,0.6301,0.9281,0,False
V,XMM/OM.V_filter,XMM,OM,5437.8,714.0,0.9090,0.7571,0.9117,0,False
V,CFHT/MOCAM.V,CFHT,MOCAM,5410.7,805.8,0.9097,0.7554,0.9138,0,False
V,XMM/OM.V,XMM,OM,5412.1,713.9,0.9123,0.7566,0.9186,0,False
V,Gemini/AcqCam-N.V,Gemini,AcqCam-N,5544.2,1310.3,0.9130,0.6440,0.9232,0,False
V,TYCHO/TYCHO.V,TYCHO,,5340.0,978.3,0.9169,0.6389,0.9381,0,False
V,Swift/UVOT.V_fil,Swift,UVOT,5453.2,762.9,0.9207,0.7781,0.9226,0,False
V,Swift/UVOT.V,Swift,UVOT,5411.4,745.0,0.9230,0.7696,0.9285,0,False
V,Swift/UVOT.V_trn,Swift,UVOT,5412.4,745.9,0.9240,0.7723,0.9294,0,False
V,Paranal/OmegaCAM.V_aux_filter,Paranal,OmegaCAM,5500.3,972.1,0.9313,0.7426,0.9343,0,False
V,Paranal/OmegaCAM.V_qD_filter,Paranal,OmegaCAM,5494.4,962.0,0.9317,0.7499,0.9354,0,False
V,Paranal/OmegaCAM.V_qA_filter,Paranal,OmegaCAM,5492.7,960.8,0.9321,0.7503,0.9359,0,False
V,Paranal/OmegaCAM.V_aux,Paranal,OmegaCAM,5494.7,974.3,0.9328,0.7442,0.9365,0,False
V,Paranal/OmegaCAM.V_qD,Paranal,OmegaCAM,5489.0,964.0,0.9328,0.7513,0.9369,0,False
V,Paranal/OmegaCAM.V_qA,Paranal,OmegaCAM,5487.3,962.8,0.9332,0.7517,0.9372,0,False
V,TNG/TNG.TNG11,TNG,,5249.6,1009.5,0.9347,0.6872,0.9491,0,False
V,TNG/DOLORES.V,TNG,DOLORES,5251.5,1009.5,0.9348,0.6878,0.9489,0,False
V,Paranal/OmegaCAM.V_filter,Paranal,OmegaCAM,5488.6,972.3,0.9353,0.7467,0.9389,0,False
V,Paranal/VIMOS.V,Paranal,VIMOS,5414.0,877.6,0.9355,0.7828,0.9447,0,False
V,Paranal/OmegaCAM.V,Paranal,OmegaCAM,5483.1,974.6,0.9366,0.7480,0.9403,0,False
V,Paranal/OmegaCAM.V_qB_filter,Paranal,OmegaCAM,5484.6,982.6,0.9374,0.7434,0.9418,0,False
V,CFHT/CFH12k.V,CFHT,CFH12k,5338.4,974.0,0.9375,0.7562,0.9484,0,False
V,Paranal/OmegaCAM.V_qC_filter,Paranal,OmegaCAM,5483.1,982.6,0.9379,0.7432,0.9422,0,False
V,Paranal/OmegaCAM.V_qB,Paranal,OmegaCAM,5479.0,985.0,0.9386,0.7446,0.9428,0,False
V,LBT/LBCB.bessel-V,LBT,LBC,5462.1,1219.3,0.9389,0.6636,0.9540,0,False
V,Paranal/OmegaCAM.V_qC,Paranal,OmegaCAM,5477.5,985.1,0.9391,0.7444,0.9432,0,False
V,CAHA/LAICA.Johnson_V,CAHA,LAICA,5425.5,1120.7,0.9448,0.6750,0.9610,0,False
V,LaSilla/EFOSC.ESO641,La Silla,EFOSC,5457.7,1133.4,0.9474,0.6809,0.9617,0,False
V,LCO/OGLE-IV.V_filter,LCO,OGLE,5344.6,955.0,0.9482,0.7421,0.9587,0,False
V,OHP/Cam120.V,OHP,Cam120,5495.3,1152.3,0.9489,0.6872,0.9618,0,False
V,OHP/Cam120.V_fil,OHP,Cam120,5488.3,1142.3,0.9504,0.6882,0.9636,0,False
V,LaSilla/SUSI2.V,La Silla,SUSI2,5414.1,1152.1,0.9525,0.6786,0.9696,0,False
V,Paranal/FORS1.ESO1035,Paranal,FORS1,5457.1,1122.9,0.9537,0.6915,0.9676,0,False
V,OAF/Bessell.V,OAF,,5456.3,1088.8,0.9573,0.6997,0.9700,0,False
V,CAHA/MUNICS.V,CAHA,MUNICS,5346.8,1014.4,0.9583,0.7030,0.9773,0,False
V,Subaru/FOCAS.V,Subaru,FOCAS,5440.7,1009.7,0.9597,0.7418,0.9695,0,False
V,CAHA/CAHA.534_97b,CAHA,,5325.0,976.5,0.9607,0.7078,0.9787,0,False
V,BOK/90prime.V,BOK,90prime,5297.2,817.0,0.9619,0.7306,0.9769,0,False
V,Paranal/FORS2.ESO1075,Paranal,FORS2,5432.1,1059.3,0.9621,0.7056,0.9786,0,False
V,Subaru/Suprime.V_filter,Subaru,Suprime,5401.8,993.0,0.9631,0.7477,0.9743,0,False
V,LCO/CCD3x3.LC-3014,LCO,,5318.9,943.7,0.9641,0.7187,0.9813,0,False
V,Misc/MCPS.V,LCO,,5438.2,827.3,0.9643,0.7423,0.9764,0,False
V,NOT/StanCam.Bes_V,NOT,StanCam,5415.2,1033.5,0.9650,0.7091,0.9832,0,False
V,INT/WFC.V,INT,WFC,5418.9,976.9,0.9651,0.7223,0.9788,0,False
V,SAO/SCORPIO.V,SAO,SCORPIO,5418.8,792.4,0.9658,0.7730,0.9715,0,False
V,LCO/CSP.V_LC3014,LCO,SITe3,5353.2,980.2,0.9664,0.7252,0.9837,0,False
V,LCO/SITe3.V_LC3014,LCO,SITe3,5353.2,980.2,0.9664,0.7252,0.9837,0,False
V,LICK/LICK.V,LICK,,5336.1,859.4,0.9664,0.7354,0.9813,0,False
V,TNG/OIG.V,TNG,OIG,5332.1,930.3,0.9664,0.7271,0.9821,0,False
V,IAC80/TCP.V,IAC80,TCP,5316.8,861.1,0.9665,0.7317,0.9818,0,False
V,Scorpio/Johnson.V,Scorpio,,5419.6,792.4,0.9671,0.7722,0.9725,0,False
V,Misc/AndromedA.V,AndromedA,,5353.0,978.9,0.9672,0.7101,0.9869,0,False
V,TJO/MEIA.V,TJO,MEIA,5320.4,861.2,0.9673,0.7358,0.9825,0,False
V,TNG/TNG.TNG03,TNG,,5332.5,930.3,0.9675,0.7265,0.9837,0,False
V,TJO/MEIA2.V_filter,TJO,MEIA2,5340.5,907.5,0.9676,0.7284,0.9839,0,False
V,TJO/LAIA.V_filter,TJO,LAIA,5340.5,907.5,0.9676,0.7284,0.9839,0,False
V,LasCumbres/LasCumbres.Bessel_V,LasCumbres,,5324.1,839.8,0.9687,0.7411,0.9839,0,False
V,TJO/LAIA.V,TJO,LAIA,5345.5,907.0,0.9687,0.7326,0.9851,0,False
V,Keck/LRIS.V,Keck,LRIS,5403.6,948.1,0.9691,0.7276,0.9859,0,False
V,LCO/IMACS.Bessell_V1,LCO,IMACS,5378.8,919.8,0.9692,0.7359,0.9861,0,False
V,FLWO/KeplerCam.V_Harris,FLWO,KeplerCam,5379.6,995.6,0.9693,0.7194,0.9890,0,False
V,Integral/OMC.V,Integral,OMC,5434.9,988.0,0.9695,0.7304,0.9857,0,False
V,Integral/OMC.V_opt,Integral,OMC,5434.9,988.0,0.9695,0.7304,0.9857,0,False
V,Integral/OMC.V_filter,Integral,OMC,5426.2,976.8,0.9700,0.7298,0.9864,0,False
V,LCO/e2v.V,LCO,e2v,5350.4,886.2,0.9702,0.7416,0.9871,0,False
V,LCO/CSP2.V,LCO,Swope,5350.4,886.2,0.9702,0.7416,0.9871,0,False
V,CTIO/MosaicII.V,CTIO,MosaicII,5374.0,972.8,0.9703,0.7219,0.9913,0,False
V,McD/DIAFI.V,McDonalds,DIAFI,5335.3,834.5,0.9704,0.7448,0.9864,0,False
V,KPNO/Mosaic.V,KPNO,Mosaic,5366.2,945.2,0.9705,0.7230,0.9907,0,False
V,OSN/Johnson.V2,OSN,,5417.6,942.9,0.9706,0.7408,0.9833,0,False
V,OSN/Johnson.V,OSN,,5417.6,942.9,0.9707,0.7407,0.9834,0,False
V,CAHA/Astralux.V_filter,CAHA,Astralux,5372.1,930.5,0.9707,0.7285,0.9909,0,False
V,CTIO/SOI.bessel_V,CTIO,SOI,5338.2,810.7,0.9708,0.7502,0.9870,0,False
V,LBT/LBCR.bessel-V,LBT,LBC,5342.9,838.4,0.9708,0.7461,0.9869,0,False
V,CAHA/CAHA.536_90,CAHA,,5352.8,901.0,0.9709,0.7289,0.9910,0,False
V,LCO/CSP.V,LCO,SITe3,5358.2,886.6,0.9709,0.7481,0.9873,0,False
V,LCO/SITe3.V,LCO,SITe3,5358.2,886.6,0.9709,0.7481,0.9873,0,False
V,P200/LFC.V_filter,Palomar,LFC,5359.9,834.8,0.9710,0.7546,0.9865,0,False
V,Liverpool/RATCam.bessel-V,LT,RATCam,5351.8,911.1,0.9712,0.7314,0.9908,0,False
V,OSN/Circ.Johnson_V,OSN,,5387.3,878.4,0.9712,0.7443,0.9845,0,False
V,CAHA/Astralux.V_noatm,CAHA,Astralux,5375.6,930.8,0.9713,0.7306,0.9916,0,False
V,CAHA/Astralux.V,CAHA,Astralux,5379.8,933.8,0.9714,0.7312,0.9919,0,False
V,LCO/IMACS.Bessell_V2,LCO,IMACS,5384.5,910.9,0.9716,0.7332,0.9877,0,False
V,P200/LFC.V,Palomar,LFC,5370.0,851.9,0.9721,0.7571,0.9873,0,False
V,IAC80/CAMELOT.V,IAC80,CAMELOT,5368.3,847.5,0.9722,0.7526,0.9869,0,False
V,CAHA/CAHA.537_89,CAHA,,5358.8,890.0,0.9725,0.7363,0.9922,0,False
V,FLWO/KeplerCam.V_Harris_old,FLWO,KeplerCam,5391.8,927.0,0.9726,0.7432,0.9878,0,False
V,CAHA/PlanetCam2.VIS_V_filter,CAHA,PlanetCam2,5386.7,890.4,0.9726,0.7483,0.9883,0,False
V,LCO/MagIC.V,LCO,MagIC,5377.7,916.8,0.9726,0.7324,0.9901,0,False
V,LCO/WFCCD.V,LCO,WFCCD,5368.9,890.8,0.9729,0.7445,0.9909,0,False
V,CAHA/PlanetCam2.VIS_V,CAHA,PlanetCam2,5394.8,882.4,0.9730,0.7565,0.9868,0,False
V,LCO/CCD3x3.LC-3009,LCO,,5357.1,891.1,0.9730,0.7413,0.9912,0,False
V,NOT/ALFOSC.Bes_V,NOT,ALFOSC,5365.7,891.0,0.9731,0.7429,0.9912,0,False
V,LCO/CSP.V_LC3009,LCO,SITe3,5388.1,923.6,0.9736,0.7451,0.9921,0,False
V,LCO/SITe3.V_LC3009,LCO,SITe3,5388.1,923.6,0.9736,0.7451,0.9921,0,False
R,Paranal/SPHERE.ZIMPOL_N_R,Paranal,SPHERE,6431.6,597.4,0.6375,0.3914,0.6342,1,True
R,Misc/ROTSE.R,ROTSE,ROTSE,5490.6,4472.8,0.7121,0.3914,0.7336,1,False
R,Gemini/AcqCam-S.R,Gemini,AcqCam-S,6857.9,1468.8,0.8464,0.6423,0.8513,0,False
R,Subaru/FOCAS.R,Subaru,FOCAS,6519.1,1184.9,0.8521,0.5556,0.8423,0,False
R,Gemini/AcqCam-N.R,Gemini,AcqCam-N,6839.2,1437.1,0.8526,0.6503,0.8584,0,False
R,CFHT/MOCAM.R,CFHT,MOCAM,6439.6,1266.7,0.8622,0.5509,0.8578,0,False
R,CFHT/CFH12k.R,CFHT,CFH12k,6515.6,1250.9,0.8749,0.5706,0.8680,0,False
R,CFHT/CFHT.R,CFHT,,6515.4,1250.9,0.8768,0.5731,0.8702,0,False
R,Misc/AndromedA.Rcb,AndromedA,,6339.7,1393.1,0.8933,0.6020,0.8903,0,False
R,Paranal/VIMOS.R,Paranal,VIMOS,6374.8,1349.8,0.8945,0.5767,0.8903,0,False
R,CAHA/Astralux.R2_noatm,CAHA,Astralux,6366.1,1468.6,0.9341,0.6499,0.9426,0,False
R,CAHA/Astralux.R2_filter,CAHA,Astralux,6377.6,1462.6,0.9352,0.6530,0.9442,0,False
R,Paranal/FORS2.ESO1076,Paranal,FORS2,6424.6,1645.6,0.9386,0.6462,0.9473,0,False
R,CAHA/LAICA.Johnson_R,CAHA,LAICA,6466.2,1866.9,0.9390,0.6100,0.9562,0,False
R,CAHA/MUNICS.R,CAHA,MUNICS,6405.6,1661.8,0.9429,0.6498,0.9528,0,False
R,LICK/LICK.R,LICK,,6306.9,1285.0,0.9527,0.6550,0.9682,0,False
R,CTIO/Y4KCam.Rc,CTIO,Y4KCam,6451.2,1698.8,0.9533,0.5898,0.9779,0,False
R,OAF/Bessell.R,OAF,,6502.1,1459.7,0.9572,0.6291,0.9787,0,False
R,LaSilla/EFOSC.ESO642,La Silla,EFOSC,6414.4,1667.5,0.9575,0.5979,0.9847,0,False
R,Misc/AndromedA.R,AndromedA,,6366.3,1506.4,0.9582,0.6073,0.9854,0,False
R,CTIO/SOI.bessel_R,CTIO,SOI,6326.1,1220.9,0.9584,0.6606,0.9744,0,False
R,TNG/OIG.R,TNG,OIG,6271.5,1278.5,0.9587,0.6352,0.9829,0,False
R,SAO/SCORPIO.R,SAO,SCORPIO,6426.3,1495.5,0.9594,0.6144,0.9846,0,False
R,Scorpio/Cousins.Rc,Scorpio,,6428.0,1495.5,0.9596,0.6137,0.9840,0,False
R,LaSilla/SUSI2.R,La Silla,SUSI2,6410.5,1588.9,0.9597,0.6040,0.9865,0,False
R,Paranal/FORS1.ESO1036,Paranal,FORS1,6473.3,1561.1,0.9598,0.6186,0.9837,0,False
R,TNG/TNG.TNG04,TNG,,6271.9,1278.5,0.9600,0.6345,0.9853,0,False
R,CAHA/Astralux.R_filter,CAHA,Astralux,6466.9,1773.7,0.9603,0.6037,0.9873,0,False
R,BOK/90prime.R,BOK,90prime,6284.3,1242.9,0.9606,0.6439,0.9805,0,False
R,INT/WFC.R,INT,WFC,6390.9,1534.0,0.9607,0.6076,0.9892,0,False
R,IAC80/CAMELOT.R,IAC80,CAMELOT,6283.8,1274.6,0.9608,0.6370,0.9839,0,False
R,CAHA/PlanetCam2.VIS_R,CAHA,PlanetCam2,6321.6,1335.8,0.9610,0.6523,0.9788,0,False
R,KPNO/Mosaic.R,KPNO,Mosaic,6452.9,1488.0,0.9611,0.6150,0.9852,0,False
R,NOT/StanCam.Bes_R,NOT,StanCam,6433.7,1503.1,0.9617,0.6163,0.9878,0,False
R,OSN/Circ.Cousins_R,OSN,,6397.0,1519.3,0.9618,0.6078,0.9884,0,False
R,OSN/Johnson.Cousins_R3,OSN,,6456.0,1700.0,0.9619,0.6079,0.9885,0,False
R,LCO/MagIC.R,LCO,MagIC,6425.7,1531.8,0.9620,0.6108,0.9875,0,False
R,FLWO/KeplerCam.R_Harris,FLWO,KeplerCam,6485.2,1699.8,0.9620,0.6113,0.9876,0,False
R,TJO/MEIA.Rc,TJO,MEIA,6303.5,1165.0,0.9622,0.6641,0.9797,0,False
R,OSN/Johnson.Cousins_R1,OSN,,6464.3,1692.5,0.9622,0.6096,0.9887,0,False
R,OSN/Johnson.Cousins_R2,OSN,,6442.0,1468.6,0.9624,0.6211,0.9867,0,False
R,FLWO/KeplerCam.R_Harris_old,FLWO,KeplerCam,6328.5,1338.5,0.9625,0.6453,0.9841,0,False
R,TNG/DOLORES.R,TNG,DOLORES,6441.2,1510.0,0.9627,0.6180,0.9878,0,False
R,TNG/TNG.TNG12,TNG,,6442.1,1509.9,0.9627,0.6177,0.9875,0,False
R,LCO/IMACS.Bessell_R1,LCO,IMACS,6436.8,1539.7,0.9629,0.6166,0.9878,0,False
R,LCO/IMACS.Bessell_R2,LCO,IMACS,6440.2,1551.1,0.9629,0.6170,0.9881,0,False
R,CTIO/MosaicII.R,CTIO,MosaicII,6497.1,1649.9,0.9630,0.6210,0.9880,0,False
R,CAHA/Astralux.R_noatm,CAHA,Astralux,6420.9,1695.1,0.9639,0.6155,0.9907,0,False
R,Keck/LRIS.R,Keck,LRIS,6303.9,1185.4,0.9639,0.6558,0.9843,0,False
R,CAHA/PlanetCam2.VIS_R_filter,CAHA,PlanetCam2,6353.6,1395.0,0.9640,0.6460,0.9852,0,False
R,LBT/LBCR.bessel-R,LBT,LBC,6344.8,1187.1,0.9641,0.6699,0.9832,0,False
R,HCT/HFOSC.Bessell_R,HCT,HFOSC,6484.2,1582.9,0.9641,0.6339,0.9882,0,False
R,CAHA/Astralux.R,CAHA,Astralux,6427.8,1716.6,0.9643,0.6195,0.9910,0,False
R,P200/LFC.R,Palomar,LFC,6352.5,1435.7,0.9645,0.6448,0.9872,0,False
R,NOT/ALFOSC.Bes_R,NOT,ALFOSC,6329.6,1230.8,0.9645,0.6533,0.9859,0,False
R,LCO/CCD3x3.LC-3015,LCO,,6421.3,1468.3,0.9647,0.6223,0.9907,0,False
R,P200/LFC.R_filter,Palomar,LFC,6363.3,1452.5,0.9648,0.6354,0.9899,0,False
R,LCO/CCD3x3.LC-3010,LCO,,6420.4,1464.2,0.9648,0.6228,0.9908,0,False
R,IAC80/TCP.R,IAC80,TCP,6330.1,1222.8,0.9649,0.6594,0.9850,0,False
R,LCO/WFCCD.R,LCO,WFCCD,6392.2,1304.0,0.9651,0.6614,0.9861,0,False
R,LasCumbres/LasCumbres.Bessel_R,LasCumbres,,6311.4,1298.3,0.9651,0.6405,0.9895,0,False
R,OHP/Cam120.R_fil,OHP,Cam120,6457.5,1668.0,0.9651,0.6208,0.9916,0,False
R,STELLA/WiFSIP.Bessel_R,STELLA,WiFSIP,6312.3,1245.1,0.9654,0.6473,0.9874,0,False
R,McD/DIAFI.R,McDonalds,DIAFI,6351.7,1244.9,0.9663,0.6581,0.9881,0,False
R,OHP/Cam120.R,OHP,Cam120,6443.1,1642.9,0.9665,0.6276,0.9931,0,False
I,CTIO/MosaicII.V_old,CTIO,MosaicII,5440.9,946.2,0.0014,0.0000,0.0000,65,True
I,Keck/LRIS.I,Keck,LRIS,7549.1,1225.1,0.6207,0.0003,0.6133,10,True
I,Paranal/SPHERE.ZIMPOL_N_I,Paranal,SPHERE,8160.4,786.6,0.6768,0.0000,0.6692,1,False
I,CAHA/PlanetCam2.VIS_I,CAHA,PlanetCam2,7739.6,1289.7,0.7036,0.0000,0.6901,6,False
I,CAHA/PlanetCam2.VIS_I_filter,CAHA,PlanetCam2,7799.9,1260.5,0.7106,0.0000,0.6931,6,False
I,McD/DIAFI.I,McDonalds,DIAFI,7469.5,3020.3,0.7582,0.0725,0.7780,1,False
I,CAHA/CAHA.850_150c,CAHA,,8889.6,2462.3,0.7686,0.0000,0.8440,4,False
I,CAHA/Astralux.I_filter,CAHA,Astralux,8946.2,2420.1,0.7694,0.0000,0.8450,4,False
I,CAHA/LAICA.Johnson_I,CAHA,LAICA,8799.2,2178.6,0.7731,0.0000,0.8470,4,False
I,CAHA/CAHA.850_150aa,CAHA,,8864.5,2509.6,0.7764,0.0000,0.8532,4,False
I,CAHA/CAHA.850_150b,CAHA,,8851.5,2520.5,0.7787,0.0000,0.8566,4,False
I,Paranal/FORS1.ESO1037,Paranal,FORS1,7865.5,1444.3,0.7876,0.0000,0.7699,1,False
I,UKIRT/UFTI.I,UKIRT,UFTI,8466.0,1382.3,0.8003,0.0000,0.8072,2,False
I,CTIO/MosaicII.I,CTIO,MosaicII,7960.6,1438.1,0.8013,0.0000,0.7826,1,False
I,LBT/LBCR.bessel-I,LBT,LBC,7881.9,1671.8,0.8028,0.0000,0.7936,1,False
I,LCO/OGLE-IV.I,LCO,OGLE,7931.8,1485.7,0.8055,0.0009,0.7895,1,False
I,LCO/OGLE-IV.I_filter,LCO,OGLE,7968.7,1488.0,0.8099,0.0003,0.7946,1,False
I,FLWO/KeplerCam.I_Harris,FLWO,KeplerCam,8000.6,1637.3,0.8117,0.0000,0.8015,1,False
I,CFHT/MOCAM.I,CFHT,MOCAM,7972.2,1627.7,0.8121,0.0000,0.7986,1,False
I,CAHA/BUSCA.I,CAHA,BUSCA,7966.9,1331.7,0.8136,0.0000,0.7977,1,False
I,Paranal/FORS2.ESO1077,Paranal,FORS2,7901.7,1510.7,0.8159,0.0000,0.8069,1,False
I,ING/ING.234,ING,,8013.0,1768.5,0.8189,0.0000,0.7860,1,False
I,LaSilla/SUSI2.I,La Silla,SUSI2,7883.8,1478.3,0.8210,0.0000,0.8177,1,False
I,Subaru/FOCAS.I,Subaru,FOCAS,7997.2,1500.5,0.8232,0.0000,0.8130,1,False
I,LICK/LICK.I,LICK,,8802.8,3449.3,0.8253,0.0017,0.8761,1,False
I,CTIO/MosaicII.I_old,CTIO,MosaicII,8081.6,1584.7,0.8261,0.0000,0.8141,1,False
I,CAHA/Astralux.I_noatm,CAHA,Astralux,8624.3,1736.6,0.8313,0.0000,0.8904,2,False
I,CAHA/Astralux.I,CAHA,Astralux,8603.7,1507.2,0.8330,0.0000,0.8873,2,False
I,OHP/Cam120.I,OHP,Cam120,7952.4,1418.5,0.8338,0.0000,0.8221,1,False
I,LCO/CCD3x3.LC-3011,LCO,,8625.5,3306.4,0.8341,0.0027,0.8749,1,False
I,OAF/Bessell.I,OAF,,8607.8,3370.1,0.8381,0.0002,0.8848,1,False
I,CTIO/Y4KCam.Ic,CTIO,Y4KCam,7977.4,1763.9,0.8388,0.0000,0.8177,1,False
I,CAHA/MUNICS.I,CAHA,MUNICS,8599.9,1875.8,0.8407,0.0000,0.8980,2,False
I,OSN/Johnson.Cousins_I1,OSN,,8716.5,3275.3,0.8435,0.0000,0.8908,1,False
I,FLWO/KeplerCam.I_Harris_old,FLWO,KeplerCam,8703.7,3321.4,0.8438,0.0000,0.8892,1,False
I,LasCumbres/LasCumbres.Bessel_I,LasCumbres,,8590.9,3155.3,0.8444,0.0000,0.8901,1,False
I,OHP/Cam120.I_fil,OHP,Cam120,8003.9,1439.5,0.8448,0.0000,0.8308,1,False
I,CFHT/CFH12k.I,CFHT,CFH12k,8091.0,2163.8,0.8449,0.0000,0.8580,1,False
I,IAC80/TCP.I,IAC80,TCP,8577.5,3126.1,0.8451,0.0000,0.8874,1,False
I,OSN/Circ.Cousins_I,OSN,,8585.7,3109.9,0.8459,0.0000,0.8923,1,False
I,OSN/Johnson.Cousins_I5,OSN,,8693.2,3290.1,0.8460,0.0000,0.8925,1,False
I,STELLA/WiFSIP.Bessel_I,STELLA,WiFSIP,8577.0,3183.7,0.8464,0.0000,0.8967,1,False
I,Paranal/VIMOS.I,Paranal,VIMOS,8028.0,1736.6,0.8472,0.0000,0.8333,1,False
I,OSN/Johnson.Cousins_I2,OSN,,8691.1,3251.4,0.8473,0.0000,0.8945,1,False
I,OSN/Johnson.Cousins_I3,OSN,,8690.7,3251.4,0.8474,0.0000,0.8946,1,False
I,CFHT/CFHT.I,CFHT,,8090.9,2163.8,0.8476,0.0045,0.8613,1,False
I,Gemini/AcqCam-S.I,Gemini,AcqCam-S,8573.0,3105.3,0.8477,0.0001,0.8935,1,False
I,OSN/Johnson.Cousins_I4,OSN,,8688.5,3239.5,0.8480,0.0000,0.8954,1,False
I,LCO/MagIC.I,LCO,MagIC,8158.7,2007.1,0.8492,0.0002,0.8630,1,False
I,KPNO/Mosaic.I,KPNO,Mosaic,8101.6,1920.9,0.8526,0.0000,0.8517,1,False
I,Misc/AndromedA.Icb,AndromedA,,8444.6,2818.5,0.8526,0.0002,0.9130,1,False
I,P200/LFC.I_filter,Palomar,LFC,8642.2,3194.2,0.8538,0.0000,0.9004,1,False
I,BOK/90prime.I,BOK,90prime,8524.3,3055.9,0.8555,0.0000,0.9008,1,False
I,CTIO/SOI.bessel_I,CTIO,SOI,8533.6,2940.6,0.8567,0.0001,0.9038,1,False
I,NOT/ALFOSC.Bes_I,NOT,ALFOSC,8466.1,2955.8,0.8598,0.0029,0.9369,1,False
I,IAC80/CAMELOT.I,IAC80,CAMELOT,8490.4,2983.5,0.8601,0.0000,0.9039,1,False
I,TNG/DOLORES.I,TNG,DOLORES,8362.0,2784.0,0.8632,0.0000,0.8977,1,False
I,TNG/TNG.TNG13,TNG,,8362.0,2784.0,0.8632,0.0000,0.8977,1,False
I,Misc/MCPS.I,LCO,,8568.9,2205.5,0.8641,0.0000,0.9268,1,False
I,LCO/WFCCD.I,LCO,WFCCD,8438.0,2703.1,0.8673,0.0000,0.9015,1,False
I,Misc/AndromedA.I,AndromedA,,8218.5,2603.8,0.8716,0.0012,0.8929,1,False
I,SAO/SCORPIO.I,SAO,SCORPIO,8133.9,1762.8,0.8863,0.0000,0.8972,1,False
I,P200/LFC.I,Palomar,LFC,8155.4,1981.5,0.8922,0.0000,0.9111,1,False
I,TJO/MEIA.Ic,TJO,MEIA,8080.4,1619.3,0.8923,0.0000,0.9109,1,False
I,Scorpio/Cousins.Ic,Scorpio,,8142.9,1762.8,0.8926,0.0000,0.9103,1,False
I,HCT/HFOSC.Bessell_I,HCT,HFOSC,8215.5,2078.3,0.8956,0.0000,0.9257,1,False
J,IRSF/Sirius.Ks,IRSF,Sirius,21324.3,3211.6,0.0000,0.0000,0.0000,60,True
J,CAHA/PlanetCam2.SWIR_J_filter,CAHA,PlanetCam2,12729.3,523.6,0.5831,0.0000,0.6072,9,True
J,Euclid/NISP.J,Euclid,NISP,13422.6,3980.5,0.6608,0.0000,0.6608,2,False
J,Euclid/NISP0.J,Euclid,NISP,13405.0,3727.2,0.6639,0.0000,0.6638,2,False
J,CTIO/OSIRIS.J,CTIO,OSIRIS,12581.8,2959.3,0.8102,0.0000,0.8107,2,False
J,TNG/NICS.J,TNG,NICS,12564.5,2965.6,0.8105,0.0000,0.8115,2,False
J,KPNO/TIFKAM.J,KPNO,TIFKAM,12508.3,3063.7,0.8230,0.0000,0.8256,2,False
J,CFHT/QUIRC.J,CFHT,QUIRC,12396.7,2942.9,0.8294,0.0000,0.8316,2,False
J,TCS/CAIN3.J,TCS,CAIN-3,12514.1,2714.3,0.8298,0.0000,0.8350,2,False
J,LaSilla/SOFI.J,La Silla,SOFI,12334.8,2887.0,0.8391,0.0000,0.8435,2,False
J,CAHA/ALHAMBRA.J,CAHA,Omega2000,11948.0,2471.0,0.8416,0.0000,0.8492,1,False
J,CAHA/Omega2000.J,CAHA,Omega2000,11948.0,2471.0,0.8416,0.0000,0.8492,1,False
J,Liverpool/SupIRCam.J,LT,SupIRCam,12350.6,2655.0,0.8569,0.0000,0.8661,1,False
J,SOFIA/FLITECAM.J,SOFIA,FLITECAM,12292.7,2640.0,0.8593,0.0000,0.8691,1,False
J,Paranal/NACO.J,Paranal,NACO,12476.2,2489.7,0.8608,0.0000,0.8684,1,False
J,Paranal/SPHERE.IRDIS_B_J,Paranal,SPHERE,12304.9,2434.0,0.8836,0.0000,0.9007,1,False
J,LaSilla/GROND.J,La Silla,GROND,12245.7,2365.6,0.8861,0.0000,0.9023,1,False
J,CAHA/MUNICS.J,CAHA,MUNICS,12247.3,2003.2,0.8898,0.0000,0.9107,1,False
J,LCO/FourStar.J,LCO,FourStar,12287.3,2282.9,0.8924,0.0000,0.9017,1,False
J,Gemini/GPI.J,Gemini,GPI,12216.2,2273.2,0.8934,0.0000,0.9029,1,False
J,CAHA/PlanetCam2.SWIR_J,CAHA,PlanetCam2,12446.7,1654.5,0.8946,0.0000,0.9349,1,False
J,Paranal/HAWKI.J,Paranal,HAWK-I,12522.0,1541.4,0.8989,0.0000,0.9397,1,False
J,CAHA/PANIC.J,CAHA,PANIC,12422.2,1562.1,0.9011,0.0000,0.9506,1,False
J,KPNO/Flamingos.J,KPNO,Flamingos,12407.6,1563.5,0.9016,0.0000,0.9469,1,False
J,Gemini/Flamingos2.J,Gemini,Flamingos2,12504.1,1584.1,0.9025,0.0000,0.9423,1,False
J,CTIO/ANDICAM.J,CTIO,ANDICAM,12399.8,1608.9,0.9031,0.0000,0.9533,1,False
J,2MASS/2MASS.J,2MASS,,12350.0,1830.2,0.9044,0.0000,0.9222,1,False
J,CFHT/Wircam.J,CFHT,WFC,12481.1,1587.5,0.9046,0.0000,0.9456,1,False
J,NOT/NOTcam.J,NOT,NOTcam,12390.3,1625.6,0.9048,0.0000,0.9571,1,False
J,Subaru/MOIRCS.J,Subaru,MOIRCS,12466.1,1636.2,0.9050,0.0000,0.9471,1,False
J,WHT/INGRID.J,WHT,INGRID,12483.0,1622.4,0.9050,0.0000,0.9473,1,False
J,IRSF/Sirius.J,IRSF,Sirius,12409.1,1619.5,0.9057,0.0000,0.9580,1,False
J,NIRT/NSFCAM.J,NIRT,NSFCAM,12416.8,1616.8,0.9064,0.0000,0.9544,1,False
J,Subaru/IRCS.J,Subaru,IRCS,12416.8,1616.8,0.9064,0.0000,0.9544,1,False
J,Gemini/GSAOI.J,Gemini,GSAOI,12402.4,1584.5,0.9066,0.0000,0.9546,1,False
J,Keck/NIRC2.J,Keck,NIRC2,12434.1,1627.2,0.9073,0.0000,0.9557,1,False
J,CTIO/Spartan.J,CTIO,Spartan,12272.8,1856.3,0.9081,0.0000,0.9587,1,False
J,UKIRT/UFTI.J,UKIRT,UFTI,12418.6,1634.8,0.9082,0.0000,0.9604,1,False
J,Subaru/CIAO.J,Subaru,CIAO,12417.0,1616.8,0.9086,0.0000,0.9563,1,False
J,Subaru/OHS.J,Subaru,OHS,12417.0,1616.8,0.9086,0.0000,0.9563,1,False
J,MKO/NSFCam.J,MKO,NSFCam,12417.0,1616.8,0.9086,0.0000,0.9563,1,False
J,MMT/SWIRC.J,MMT,SWIRC,12452.2,1540.5,0.9090,0.0000,0.9543,1,False
J,UKIRT/UKIDSS.J,UKIRT,WFCAM,12483.0,1581.9,0.9100,0.0000,0.9582,1,False
J,UKIRT/WFCAM.J,UKIRT,WFCAM,12483.0,1581.9,0.9100,0.0000,0.9582,1,False
J,LCO/CSP.WIRC_J,LCO,WIRC,12368.2,2108.8,0.9123,0.0000,0.9376,1,False
J,LCO/WIRC.J,LCO,WIRC,12368.2,2108.8,0.9123,0.0000,0.9376,1,False
J,MMT/MMIRS.J,MMT,MMIRS,12452.7,1583.7,0.9131,0.0000,0.9589,1,False
J,LCO/MMIRS.J,LCO,MMIRS,12452.7,1583.7,0.9137,0.0000,0.9589,1,False
J,LCO/CSP.J,LCO,RetroCam,12372.4,2041.8,0.9143,0.0000,0.9379,1,False
J,LCO/RetroCam.J,LCO,RetroCam,12372.4,2041.8,0.9143,0.0000,0.9379,1,False
J,GTC/EMIR.J,GTC,EMIR,12475.3,1597.1,0.9146,0.0000,0.9615,1,False
J,LCO/RetroCam.J_CSP2,LCO,RetroCam,12380.8,1909.4,0.9157,0.0000,0.9397,1,False
J,LCO/WIRC.J_CSP2,LCO,WIRC,12380.8,1909.4,0.9157,0.0000,0.9397,1,False
J,LCO/CSP2.J,LCO,RetroCam,12380.8,1909.4,0.9157,0.0000,0.9397,1,False
J,LCO/CSP.J_old,LCO,RetroCam,12443.0,1947.5,0.9157,0.0000,0.9475,1,False
J,LCO/RetroCam.J_old,LCO,RetroCam,12443.0,1947.5,0.9157,0.0000,0.9475,1,False
J,Liverpool/IOI.J_ori,LT,IO:I,12512.2,1575.9,0.9172,0.0000,0.9590,1,False
J,Paranal/VISTA.J,Paranal,VIRCAM,12481.0,1713.4,0.9180,0.0000,0.9746,1,False
J,WHT/LRIS.J,WHT,LRIS,12447.1,1561.5,0.9186,0.0000,0.9588,1,False
J,Paranal/VISTA.J_filter,Paranal,VIRCAM,12485.2,1718.7,0.9194,0.0000,0.9745,1,False
J,Liverpool/IOI.J,LT,IO:I,12485.4,1580.9,0.9197,0.0000,0.9610,1,False
H,GTC/CIRCE.J,GTC,CIRCE,12433.3,1621.5,0.0002,0.0000,0.0000,61,True
H,GTC/CIRCE.Ks,GTC,CIRCE,21340.0,3084.8,0.0038,0.0000,0.0000,61,True
H,Euclid/NISP.H,Euclid,NISP,17410.6,4985.5,0.7021,0.0000,0.7067,2,False
H,Euclid/NISP0.H,Euclid,NISP,17364.9,4816.4,0.7103,0.0000,0.7155,2,False
H,CAHA/PlanetCam2.SWIR_H,CAHA,PlanetCam2,15766.5,2072.4,0.8498,0.0000,0.9036,2,False
H,Liverpool/SupIRCam.H,LT,SupIRCam,16572.0,2975.4,0.9020,0.0000,0.9298,2,False
H,TCS/CAIN3.H,TCS,CAIN-3,16538.0,3119.2,0.9031,0.0000,0.9313,2,False
H,Paranal/NACO.H,Paranal,NACO,16364.3,3443.7,0.9079,0.0000,0.9442,2,False
H,CFHT/QUIRC.H,CFHT,QUIRC,16497.1,3021.8,0.9143,0.0000,0.9449,2,False
H,LCO/FourStar.H,LCO,FourStar,16039.5,2831.8,0.9259,0.0000,0.9748,2,False
H,CAHA/Omega2000.H,CAHA,Omega2000,16357.0,2664.7,0.9262,0.0000,0.9646,2,False
H,CAHA/ALHAMBRA.H,CAHA,Omega2000,16356.9,2664.7,0.9274,0.0000,0.9661,2,False
H,Paranal/HAWKI.H,Paranal,HAWK-I,16051.7,2901.0,0.9340,0.0000,0.9828,2,False
H,Paranal/ISAAC.H,Paranal,ISAAC,16365.3,2960.1,0.9344,0.0000,0.9731,2,False
H,LaSilla/SOFI.H,La Silla,SOFI,16365.3,2960.0,0.9344,0.0000,0.9731,2,False
H,2MASS/2MASS.H,2MASS,,16620.0,2580.0,0.9360,0.0000,0.9754,2,False
H,Gemini/GPI.H,Gemini,GPI,16321.9,2984.8,0.9370,0.0000,0.9806,2,False
H,LCO/CSP.WIRC_H,LCO,WIRC,16158.6,2825.4,0.9371,0.0000,0.9886,2,False
H,LCO/WIRC.H,LCO,WIRC,16158.6,2825.4,0.9371,0.0000,0.9886,2,False
H,LCO/CSP.H,LCO,RetroCam,16172.8,2843.0,0.9381,0.0000,0.9896,2,False
H,LCO/RetroCam.H,LCO,RetroCam,16172.8,2843.0,0.9381,0.0000,0.9896,2,False
H,LaSilla/GROND.H,La Silla,GROND,16329.5,2701.5,0.9381,0.0000,0.9758,2,False
H,LCO/CSP2.H,LCO,RetroCam,16136.7,2851.8,0.9384,0.0000,0.9902,2,False
H,LCO/RetroCam.H_CSP2,LCO,RetroCam,16136.7,2851.8,0.9384,0.0000,0.9902,2,False
H,LCO/WIRC.H_CSP2,LCO,WIRC,16136.7,2851.8,0.9384,0.0000,0.9902,2,False
H,WHT/LRIS.H,WHT,LRIS,16093.1,2949.7,0.9387,0.0000,0.9872,2,False
H,KPNO/TIFKAM.H,KPNO,TIFKAM,16314.4,3069.0,0.9387,0.0000,0.9805,2,False
H,MMT/SWIRC.H,MMT,SWIRC,16338.3,2970.7,0.9390,0.0000,0.9835,2,False
H,CAHA/PlanetCam2.SWIR_H_filter,CAHA,PlanetCam2,16163.0,3013.1,0.9394,0.0000,0.9878,2,False
H,SOFIA/FLITECAM.H,SOFIA,FLITECAM,16217.8,2751.6,0.9414,0.0000,0.9878,2,False
H,Subaru/MOIRCS.H,Subaru,MOIRCS,16229.8,2811.3,0.9418,0.0000,0.9874,2,False
H,Paranal/SPHERE.IRDIS_B_H,Paranal,SPHERE,16098.1,2923.6,0.9420,0.0000,0.9911,2,False
H,Paranal/VISTA.H_filter,Paranal,VIRCAM,16354.3,2907.8,0.9423,0.0000,0.9839,2,False
H,Liverpool/IOI.H,LT,IO:I,16194.4,2961.3,0.9424,0.0038,0.9833,2,False
H,KPNO/Flamingos.H,KPNO,Flamingos,16220.6,2807.8,0.9427,0.0000,0.9882,2,False
H,WHT/INGRID.H,WHT,INGRID,16294.5,2857.9,0.9428,0.0000,0.9877,2,False
H,Paranal/VISTA.H,Paranal,VIRCAM,16347.7,2894.1,0.9429,0.0000,0.9858,2,False
H,CAHA/PANIC.H,CAHA,PANIC,16276.0,2825.9,0.9430,0.0000,0.9896,2,False
H,MMT/MMIRS.H,MMT,MMIRS,16292.9,2877.0,0.9431,0.0000,0.9877,2,False
H,LCO/MMIRS.H,LCO,MMIRS,16292.7,2877.0,0.9432,0.0000,0.9877,2,False
H,TNG/NICS.H,TNG,NICS,16128.3,2963.0,0.9432,0.0000,0.9921,2,False
H,Gemini/Flamingos2.H,Gemini,Flamingos2,16199.1,2895.6,0.9433,0.0000,0.9921,2,False
H,NOT/NOTcam.H,NOT,NOTcam,16130.9,2951.4,0.9435,0.0000,0.9919,2,False
H,Liverpool/IOI.H_ori,LT,IO:I,16270.8,2926.1,0.9436,0.0043,0.9861,2,False
H,CTIO/Spartan.H,CTIO,Spartan,16171.5,2861.3,0.9437,0.0000,0.9918,2,False
H,CTIO/OSIRIS.H,CTIO,OSIRIS,16162.7,2972.3,0.9438,0.0000,0.9899,2,False
H,Keck/NIRC2.H,Keck,NIRC2,16197.2,2940.5,0.9439,0.0000,0.9916,2,False
H,IRSF/Sirius.H,IRSF,Sirius,16183.5,2943.9,0.9440,0.0000,0.9924,2,False
H,GTC/CIRCE.H,GTC,CIRCE,16180.6,2952.0,0.9441,0.0000,0.9930,2,False
H,CFHT/Wircam.H,CFHT,Wircam,16157.5,2911.3,0.9441,0.0000,0.9940,2,False
H,Gemini/GSAOI.H,Gemini,GSAOI,16204.6,2855.8,0.9441,0.0000,0.9905,2,False
H,CTIO/ANDICAM.H,CTIO,ANDICAM,16152.8,2969.2,0.9442,0.0000,0.9907,2,False
H,Subaru/IRCS.H,Subaru,IRCS,16140.7,2956.9,0.9443,0.0000,0.9927,2,False
H,NIRT/NSFCAM.H,NIRT,NSFCAM,16140.7,2956.9,0.9443,0.0000,0.9927,2,False
H,GTC/EMIR.H,GTC,EMIR,16164.1,2810.2,0.9444,0.0000,0.9931,2,False
H,Subaru/CIAO.H,Subaru,CIAO,16140.3,2956.9,0.9446,0.0000,0.9927,2,False
H,MKO/NSFCam.H,MKO,NSFCam,16140.3,2956.9,0.9446,0.0000,0.9927,2,False
H,Subaru/OHS.H,Subaru,OHS,16140.3,2956.9,0.9446,0.0000,0.9927,2,False
H,UKIRT/UKIDSS.H,UKIRT,WFCAM,16313.0,2952.2,0.9449,0.0000,0.9899,2,False
H,UKIRT/WFCAM.H,UKIRT,WFCAM,16313.0,2952.2,0.9449,0.0000,0.9899,2,False
H,UKIRT/UFTI.H,UKIRT,UFTI,16205.4,2927.7,0.9454,0.0000,0.9922,2,False
H,MMT/Clio.H,MMT,Clio,16215.1,2989.6,0.9454,0.0000,0.9920,2,False
K,Gemini/Flamingos2.K-blue_filter,Gemini,Flamingos2,20485.1,2412.4,0.6269,0.1023,0.5997,2,True
K,Gemini/Flamingos2.K-red_filter,Gemini,Flamingos2,23062.9,2640.4,0.6639,0.1023,0.7014,3,False
K,SOFIA/FLITECAM.K,SOFIA,FLITECAM,20894.8,3529.8,0.8066,0.4039,0.7926,1,False
K,Gemini/Flamingos2.K-long_filter,Gemini,Flamingos2,21572.9,5812.2,0.8204,0.6998,0.8106,0,False
K,CTIO/ANDICAM.K,CTIO,ANDICAM,21298.5,2894.5,0.8588,0.4566,0.8689,1,False
K,Liverpool/SupIRCam.K,LT,SupIRCam,21175.1,3489.2,0.8856,0.5286,0.8886,0,False
K,CTIO/Spartan.K,CTIO,Spartan,21340.9,3054.7,0.8890,0.5066,0.9073,0,False
K,GTC/EMIR.K,GTC,EMIR,22195.5,3226.0,0.8992,0.4752,0.9426,1,False
K,TCS/CAIN3.K,TCS,CAIN-3,22082.1,3247.1,0.9120,0.5022,0.9484,0,False
K,WHT/INGRID.K,WHT,INGRID,22059.9,3235.0,0.9139,0.5093,0.9503,0,False
K,KPNO/TIFKAM.K,KPNO,TIFKAM,21881.9,4212.8,0.9166,0.6361,0.9311,0,False
K,CFHT/QUIRC.K,CFHT,QUIRC,21952.6,4070.4,0.9173,0.6165,0.9382,0,False
K,LCO/CSP.K,LCO,RetroCam,21504.1,3065.3,0.9203,0.5764,0.9460,0,False
K,LCO/RetroCam.K,LCO,RetroCam,21504.1,3065.3,0.9203,0.5764,0.9460,0,False
K,LCO/MMIRS.K,LCO,MMIRS,21453.8,3226.3,0.9218,0.5882,0.9468,0,False
K,Gemini/TReCS.k,Gemini,TReCS,21621.3,4083.2,0.9267,0.7095,0.9383,0,False
K,Gemini/GSAOI.K,Gemini,GSAOI,21803.5,3240.7,0.9315,0.5921,0.9544,0,False
K,MKO/MIRSI.K,MKO,MIRSI,21721.2,3973.1,0.9325,0.6517,0.9606,0,False
K,Subaru/MOIRCS.K,Subaru,MOIRCS,21811.1,3941.1,0.9337,0.6344,0.9604,0,False
K,CAHA/Omega2000.K,CAHA,Omega2000,21687.4,3842.4,0.9350,0.6634,0.9663,0,False
K,UKIRT/UFTI.K,UKIRT,UFTI,21874.4,3337.4,0.9356,0.5915,0.9654,0,False
K,TNG/NICS.K,TNG,NICS,21871.3,3378.3,0.9359,0.5792,0.9689,0,False
K,NIRT/NSFCAM.K,NIRT,NSFCAM,21840.5,3357.4,0.9361,0.5909,0.9675,0,False
K,Subaru/IRCS.K,Subaru,IRCS,21840.5,3357.4,0.9361,0.5909,0.9675,0,False
K,Keck/NIRC2.K,Keck,NIRC2,21861.8,3325.1,0.9362,0.5978,0.9666,0,False
K,KPNO/Flamingos.K,KPNO,Flamingos,21842.6,3357.9,0.9364,0.5905,0.9680,0,False
K,NOT/NOTcam.K,NOT,NOTcam,21814.0,3356.3,0.9364,0.5997,0.9676,0,False
K,Subaru/CIAO.K,Subaru,CIAO,21840.3,3357.4,0.9370,0.5945,0.9685,0,False
K,Subaru/OHS.K,Subaru,OHS,21840.2,3357.4,0.9371,0.5951,0.9685,0,False
K,MKO/NSFCam.K,MKO,NSFCam,21840.2,3357.4,0.9371,0.5951,0.9685,0,False
K,LaSilla/GROND.K,La Silla,GROND,21550.2,3031.6,0.9391,0.6447,0.9653,0,False
K,CTIO/OSIRIS.K,CTIO,OSIRIS,21630.4,3878.1,0.9395,0.6855,0.9675,0,False
K,UKIRT/UKIDSS.K,UKIRT,WFCAM,22010.0,3511.4,0.9399,0.5978,0.9813,0,False
K,UKIRT/WFCAM.K,UKIRT,WFCAM,22010.0,3511.4,0.9399,0.5978,0.9813,0,False
Ks,Paranal/SPHERE.IRDIS_B_Ks,Paranal,SPHERE,21691.5,3016.8,0.9459,0.8764,0.9443,0,False
Ks,KPNO/TIFKAM.Ks,KPNO,TIFKAM,21050.2,3524.6,0.9532,0.8764,0.9612,0,False
Ks,Paranal/NACO.Ks,Paranal,NACO,21241.0,3696.8,0.9591,0.9238,0.9606,0,False
Ks,WHT/INGRID.Ks,WHT,INGRID,21564.9,3045.4,0.9726,0.9118,0.9738,0,False
Ks,LaSilla/SOFI.Ks,La Silla,SOFI,21521.6,2745.5,0.9747,0.9219,0.9764,0,False
Ks,Paranal/ISAAC.Ks,Paranal,ISAAC,21521.5,2745.7,0.9747,0.9220,0.9765,0,False
Ks,CAHA/Omega2000.Ks,CAHA,Omega2000,21275.4,3038.6,0.9834,0.9298,0.9890,0,False
Ks,CFHT/QUIRC.Ks,CFHT,QUIRC,21435.6,3269.2,0.9839,0.9565,0.9842,0,False
Ks,CAHA/ALHAMBRA.Ks,CAHA,Omega2000,21275.0,3038.6,0.9841,0.9314,0.9894,0,False
Ks,MMT/Clio.Ks,MMT,Clio,21382.5,2961.6,0.9843,0.9388,0.9898,0,False
Ks,Gemini/Flamingos2.Ks,Gemini,Flamingos2,21454.7,3280.4,0.9855,0.9467,0.9897,0,False
Ks,MMT/MMIRS.Ks,MMT,MMIRS,21454.1,3226.3,0.9860,0.9475,0.9879,0,False
Ks,2MASS/2MASS.Ks,2MASS,,21590.0,2771.3,0.9862,0.9506,0.9890,0,False
Ks,LCO/FourStar.Ks,LCO,FourStar,21315.9,3325.3,0.9865,0.9468,0.9923,0,False
Ks,NOT/NOTcam.Ks,NOT,NOTcam,21294.9,3089.9,0.9870,0.9313,0.9939,0,False
Ks,Subaru/MOIRCS.Ks,Subaru,MOIRCS,21306.1,3100.4,0.9874,0.9337,0.9940,0,False
Ks,CFHT/Wircam.Ks,CFHT,Wircam,21337.6,3270.5,0.9877,0.9443,0.9939,0,False
Ks,Paranal/HAWKI.Ks,Paranal,HAWK-I,21322.6,3249.9,0.9877,0.9433,0.9938,0,False
Ks,Subaru/CIAO.Ks,Subaru,CIAO,21314.9,3103.3,0.9880,0.9354,0.9943,0,False
Ks,NIRT/NSFCAM.Ks,NIRT,NSFCAM,21307.6,3100.0,0.9881,0.9347,0.9948,0,False
Ks,WHT/LRIS.Ks,WHT,LRIS,21319.0,3104.9,0.9882,0.9462,0.9939,0,False
Ks,Keck/NIRC2.Ks,Keck,NIRC2,21354.5,3083.5,0.9883,0.9366,0.9945,0,False
Ks,KPNO/Flamingos.Ks,KPNO,Flamingos,21310.2,3131.5,0.9884,0.9399,0.9946,0,False
Ks,MKO/NSFCam.Ks,MKO,NSFCam,21307.5,3100.0,0.9884,0.9353,0.9954,0,False
Ks,P200/WIRC.Ks,Palomar,WIRC,21300.9,3184.8,0.9884,0.9363,0.9947,0,False
Ks,Paranal/VISTA.Ks,Paranal,VIRCAM,21435.4,3057.4,0.9888,0.9565,0.9926,0,False
Ks,CAHA/PANIC.Ks,CAHA,PANIC,21411.3,3139.3,0.9891,0.9514,0.9943,0,False
Ks,Paranal/VISTA.Ks_filter,Paranal,VIRCAM,21376.4,3070.1,0.9896,0.9464,0.9948,0,False
u,CFHT/MegaCam.u_1,CFHT,MegaCam,3884.4,600.9,0.7015,0.4702,0.7059,1,False
u,WHT/PAUCam.u,WHT,PAUCam,3841.4,293.8,0.7563,0.4881,0.7669,2,False
u,IAC80/CAMELOT.stromgren_u,IAC80,CAMELOT,3468.2,319.2,0.7762,0.4881,0.7811,1,False
u,OSN/Stromgren.u,OSN,,3498.1,307.3,0.7765,0.5017,0.7745,0,False
u,OSN/Stromgren.u2,OSN,,3424.9,293.8,0.7934,0.4702,0.8063,2,False
u,STELLA/WiFSIP.Strom_u,STELLA,WiFSIP,3497.5,325.6,0.7974,0.5238,0.7964,0,False
u,CTIO/SOI.strom_u,CTIO,SOI,3460.9,365.2,0.8180,0.5200,0.8332,0,False
u,TNT/ULTRASPEC.u,TNT,ULTRASPEC,3730.5,329.1,0.8393,0.5430,0.8491,0,False
u,KPNO/KP4in.Strom_u,KPNO,KP4in,3533.3,278.1,0.8422,0.5862,0.8448,0,False
u,TNT/ULTRASPEC.u_noatm,TNT,ULTRASPEC,3721.6,373.5,0.8505,0.5676,0.8556,0,False
u,GTC/HIPERCAM.u_s,GTC,HiPERCAM,3748.8,388.3,0.8518,0.5862,0.8698,0,False
u,ING/ING.178,ING,,3515.9,288.1,0.8541,0.5846,0.8604,0,False
u,ING/ING.221,ING,,3522.2,289.7,0.8564,0.5918,0.8647,0,False
u,WHT/ULTRACAM.u_noatm,WHT,ULTRACAM,3466.7,306.4,0.8600,0.5592,0.8696,0,False
u,CAHA/CAHA.353_41,CAHA,,3534.7,279.9,0.8619,0.5953,0.8777,0,False
u,LCO/IMACS.sloan_u,LCO,IMACS,3647.0,301.3,0.8622,0.6302,0.8696,0,False
u,WHT/ULTRACAM.u_s_noatm,WHT,ULTRACAM,3472.6,317.4,0.8662,0.5757,0.8794,0,False
u,INT/WFC.Strom_u,INT,WFC,3480.4,335.0,0.8674,0.5771,0.8889,0,False
u,GTC/HIPERCAM.u_s_noatm,GTC,HiPERCAM,3736.6,433.4,0.8678,0.6179,0.8856,0,False
u,WHT/ULTRACAM.u,WHT,ULTRACAM,3481.9,291.9,0.8703,0.5804,0.8794,0,False
u,WHT/ULTRACAM.u_s,WHT,ULTRACAM,3491.4,310.2,0.8783,0.6007,0.8871,0,False
u,Mercator/MAIA.u,Mercator,MAIA,3668.0,305.1,0.8859,0.6767,0.9020,0,False
u,CSST/SC0-Phot.u,CSST,CSS-OS,3683.5,823.4,0.8880,0.6716,0.9162,0,False
u,CSST/SC0-Phot.u_ccd,CSST,CSS-OS,3585.0,838.2,0.8886,0.6565,0.9139,0,False
u,CSST/SC0-Phot.u_fil,CSST,CSS-OS,3586.5,830.7,0.8951,0.6673,0.9213,0,False
u,KPNO/KP4in.Gunn_u,KPNO,KP4in,3454.3,508.0,0.8971,0.5667,0.9114,0,False
u,GTC/HIPERCAM.u,GTC,HiPERCAM,3674.6,382.7,0.9002,0.6779,0.9027,0,False
u,CAHA/CAHA.366_38,CAHA,,3665.1,384.8,0.9003,0.6571,0.9100,0,False
u,TNO/ULTRACAM.super_u,TNO,ULTRACAM,3564.7,827.4,0.9032,0.6822,0.9314,0,False
u,GTC/HIPERCAM.u_s_filter,GTC,HiPERCAM,3604.8,810.4,0.9047,0.6815,0.9368,0,False
u,WHT/ULTRACAM.u_s_filter,WHT,ULTRACAM,3607.9,810.4,0.9047,0.6815,0.9373,0,False
u,GTC/HIPERCAM.u_noatm,GTC,HiPERCAM,3662.5,395.7,0.9100,0.7054,0.9155,0,False
u,CAHA/BUSCA.u,CAHA,BUSCA,3573.9,350.5,0.9101,0.7070,0.9204,0,False
u,McD/DIAFI.sdss_u,McDonalds,DIAFI,3490.0,668.5,0.9109,0.6603,0.9370,0,False
u,CAHA/CAHA.358_33,CAHA,,3585.1,372.5,0.9111,0.7048,0.9223,0,False
u,WIYN/ODI.u,WIYN,ODI,3619.6,604.7,0.9120,0.7400,0.9244,0,False
u,TNT/ULTRASPEC.u_filter,TNT,ULTRASPEC,3515.0,663.7,0.9142,0.6681,0.9407,0,False
u,TNO/ULTRACAM.u-2,TNO,ULTRACAM,3499.4,681.8,0.9143,0.6677,0.9407,0,False
u,Paranal/FORS1.ESO1038,Paranal,FORS1,3500.2,438.3,0.9148,0.6183,0.9309,0,False
u,Paranal/FORS1.ESO1112,Paranal,FORS1,3632.3,504.9,0.9168,0.7421,0.9341,0,False
u,LCO/CSP.u,LCO,SITe3,3671.6,390.3,0.9173,0.6967,0.9373,0,False
u,TNG/DOLORES.SDSS_u,TNG,DOLORES,3506.6,673.5,0.9179,0.6714,0.9447,0,False
u,TNG/OIG.SDSS_u,TNG,OIG,3506.6,673.1,0.9179,0.6715,0.9448,0,False
u,TNG/TNG.TNG29,TNG,,3506.8,673.5,0.9181,0.6757,0.9446,0,False
u,VATT/VATT.u_sdss,VATT,,3506.2,667.5,0.9188,0.6749,0.9462,0,False
u,LSST/LSST.u_filter,LSST,LSST,3641.2,712.8,0.9194,0.7145,0.9531,0,False
u,LasCumbres/LasCumbres.SDSS_up,LasCumbres,,3543.5,638.9,0.9220,0.6685,0.9428,0,False
u,Paranal/OmegaCAM.u_CAL_filter,Paranal,OmegaCAM,3520.8,612.1,0.9224,0.6384,0.9376,0,False
u,TNO/ULTRACAM.u-3,TNO,ULTRACAM,3511.2,651.7,0.9233,0.6773,0.9523,0,False
u,TNG/TNG.TNG34,TNG,,3661.3,597.5,0.9238,0.7317,0.9443,0,False
u,Gemini/GMOS-S.u,Gemini,GMOS-S,3658.1,557.5,0.9261,0.7348,0.9429,0,False
u,Gemini/GMOS-N.u,Gemini,GMOS-N,3643.9,630.4,0.9271,0.7326,0.9518,0,False
u,INT/WFC.RGO_u,INT,WFC,3632.1,635.9,0.9294,0.7374,0.9574,0,False
u,FLWO/KeplerCam.u,FLWO,KeplerCam,3514.4,592.6,0.9298,0.6550,0.9540,0,False
u,LCO/CSP2.u,LCO,Swope,3648.3,438.2,0.9302,0.7171,0.9552,0,False
u,NOT/NOT.082,NOT,,3514.6,630.3,0.9304,0.6729,0.9611,0,False
u,Paranal/OmegaCAM.u_SDSS_filter,Paranal,OmegaCAM,3593.8,562.1,0.9321,0.7432,0.9479,0,False
u,IAC80/CAMELOT.sdss_u,IAC80,CAMELOT,3523.5,626.0,0.9325,0.6822,0.9648,0,False
u,BOK/90prime.sdss_u,BOK,90prime,3508.6,581.3,0.9327,0.6570,0.9550,0,False
u,TNO/ULTRACAM.u,TNO,ULTRACAM,3520.8,612.7,0.9339,0.6802,0.9643,0,False
u,CAHA/LAICA.SDSS_u,CAHA,LAICA,3564.4,602.4,0.9347,0.7323,0.9692,0,False
u,WIYN/NESSI.u,WIYN,NESSI,3602.3,384.4,0.9348,0.7386,0.9529,0,False
u,VATT/VATT.u,VATT,,3627.0,586.9,0.9358,0.7518,0.9600,0,False
u,MMT/MMTCam.u,MMT,MMTCam,3544.0,438.0,0.9362,0.6928,0.9441,0,False
u,NOT/NOT.109,NOT,,3556.8,583.9,0.9365,0.7168,0.9498,0,False
u,BOK/SCUSS.u_noatm,BOK,SCUSS,3532.9,560.8,0.9370,0.6707,0.9569,0,False
u,GTC/HIPERCAM.u_filter,GTC,HiPERCAM,3553.0,604.2,0.9384,0.7043,0.9667,0,False
u,WHT/ULTRACAM.u_filter,WHT,ULTRACAM,3556.0,604.2,0.9389,0.7080,0.9678,0,False
u,FLWO/KeplerCam.u_old,FLWO,KeplerCam,3567.4,567.8,0.9400,0.7195,0.9711,0,False
u,CTIO/SOI.sdss_u,CTIO,SOI,3556.4,582.4,0.9414,0.7181,0.9614,0,False
u,Liverpool/RATCam.sdss-u,LT,RATCam,3538.6,531.1,0.9424,0.7002,0.9628,0,False
u,STELLA/WiFSIP.Sloan_u,STELLA,WiFSIP,3600.5,498.1,0.9432,0.7612,0.9628,0,False
u,LCO/MagIC.sdss_u,LCO,MagIC,3594.4,504.3,0.9433,0.7527,0.9605,0,False
u,CTIO/Y4KCam.sdss_u,CTIO,Y4KCam,3575.7,536.3,0.9450,0.7346,0.9658,0,False
u,LBT/MODS.sdss_u,LBT,MODS,3586.1,526.8,0.9450,0.7346,0.9658,0,False
g,WIYN/NESSI.z_filter,WIYN,NESSI,9387.8,2360.6,0.0002,0.0000,0.0000,101,True
g,CAHA/CAHA.496_10,CAHA,,4953.3,102.8,0.3553,0.0000,0.3490,99,True
g,OSN/Gunn.g,OSN,,4894.6,684.2,0.7328,0.0000,0.7300,1,False
g,LaSilla/EFOSC.ESO782,La Silla,EFOSC,5105.0,813.9,0.7439,0.0000,0.7499,2,False
g,TNG/TNG.TNG14,TNG,,5156.5,891.1,0.7457,0.0000,0.7507,2,False
g,Paranal/FORS1.ESO1040,Paranal,FORS1,5065.2,793.2,0.7634,0.0000,0.7678,2,False
g,KPNO/KP4in.Gunn_g,KPNO,KP4in,4929.1,705.5,0.7991,0.0000,0.8002,2,False
g,Keck/LRIS.g,Keck,LRIS,4706.3,981.8,0.8263,0.0000,0.8395,2,False
g,SkyMapper/SkyMapper.g,SkyMapper,SkyMapper,5016.1,1565.8,0.8413,0.0000,0.8582,2,False
g,CAHA/CAHA.493_54,CAHA,,4900.5,539.6,0.8556,0.0000,0.8640,1,False
g,CAHA/CAHA.496_100,CAHA,,4912.5,994.0,0.8935,0.0000,0.9070,2,False
g,LaSilla/GROND.g,La Silla,GROND,4503.0,1491.4,0.9013,0.0000,0.9371,2,False
g,CAHA/LAICA.SDSS_g,CAHA,LAICA,4857.4,1244.5,0.9153,0.0000,0.9354,2,False
g,SOFIA/FPI.g_sdss,SOFIA,FPI,4933.1,652.7,0.9270,0.0000,0.9502,2,False
g,CFHT/Megaprime.gS_fil,CFHT,Megaprime,4795.7,1461.2,0.9307,0.0000,0.9591,2,False
g,Paranal/FORS1.ESO1115,Paranal,FORS1,4587.2,1602.6,0.9328,0.0000,0.9686,2,False
g,LCO/MagIC.sdss_g,LCO,MagIC,4733.4,1305.4,0.9332,0.0000,0.9574,2,False
g,CFHT/MegaCam.g_1,CFHT,MegaCam,4803.4,1452.7,0.9337,0.0000,0.9618,2,False
g,NOT/NOT.120,NOT,,4592.3,1529.2,0.9352,0.0000,0.9710,2,False
g,Palomar/ZTF.g_fil,Palomar,ZTF,4753.2,1315.8,0.9358,0.0000,0.9620,2,False
g,SLOAN/SDSS.g,SLOAN,,4671.8,1175.6,0.9385,0.0000,0.9704,2,False
g,SOFIA/HIPO.g_sdss_d675,SOFIA,HIPO,4604.1,1407.3,0.9388,0.0000,0.9792,2,False
g,Paranal/OmegaCAM.g_CAL,Paranal,OmegaCAM,4734.7,1323.0,0.9410,0.0000,0.9684,2,False
g,Paranal/OmegaCAM.g_CAL_filter,Paranal,OmegaCAM,4738.4,1322.4,0.9414,0.0000,0.9689,2,False
g,INT/WFC.Gunn_g,INT,WFC,4780.8,1286.9,0.9422,0.0000,0.9668,2,False
g,INT/UVEX.g,INT,WFC,4808.5,1227.3,0.9440,0.0000,0.9693,2,False
g,CTIO/SOI.sdss_g,CTIO,SOI,4641.8,1374.9,0.9445,0.0000,0.9796,2,False
g,GTC/OSIRIS.sdss_g_filter,GTC,Osiris,4744.5,1512.3,0.9453,0.0000,0.9775,2,False
g,CSST/SC0-Phot.g_ccd,CSST,CSS-OS,4673.6,1494.1,0.9463,0.0000,0.9825,2,False
g,Paranal/OmegaCAM.g_SDSS,Paranal,OmegaCAM,4678.7,1319.7,0.9469,0.0000,0.9800,2,False
g,Paranal/OmegaCAM.g_SDSS_filter,Paranal,OmegaCAM,4680.5,1321.7,0.9474,0.0000,0.9806,2,False
g,MMT/MMTCam.g,MMT,MMTCam,4738.6,1551.2,0.9474,0.0000,0.9794,2,False
g,KPNO/MOSAIC.g_sdss,KPNO,MOSAIC,4665.4,1395.7,0.9488,0.0000,0.9839,2,False
g,P200/LFC.sdss_g_filter,Palomar,LFC,4700.1,1364.9,0.9489,0.0000,0.9841,2,False
g,WHT/ULTRACAM.g_filter,WHT,ULTRACAM,4760.3,1444.3,0.9492,0.0000,0.9827,2,False
g,GTC/HIPERCAM.g_filter,GTC,HiPERCAM,4757.3,1444.3,0.9497,0.0000,0.9835,2,False
g,TNO/ULTRACAM.super_g,TNO,ULTRACAM,4628.4,1493.3,0.9500,0.0000,0.9876,2,False
g,P200/LFC.sdss_g,Palomar,LFC,4724.3,1281.7,0.9501,0.0000,0.9835,2,False
g,LBT/LBCB.sdss-g_2,LBT,LBC,4671.6,1570.9,0.9504,0.0000,0.9866,2,False
g,WIYN/ODI.g,WIYN,ODI,4701.1,1517.7,0.9506,0.0000,0.9874,2,False
g,CFHT/Megaprime.g_fil,CFHT,Megaprime,4691.2,1541.3,0.9508,0.0000,0.9894,2,False
g,CTIO/DECam.g_filter,CTIO,DECam,4673.2,1492.5,0.9509,0.0000,0.9884,2,False
g,WHT/ULTRACAM.g_s_noatm,WHT,ULTRACAM,4682.5,1474.6,0.9509,0.0000,0.9882,2,False
g,WIYN/NESSI.g,WIYN,NESSI,4805.2,1299.4,0.9514,0.0000,0.9825,2,False
g,TNO/ULTRACAM.g,TNO,ULTRACAM,4696.0,1533.6,0.9519,0.0000,0.9854,2,False
g,LasCumbres/LasCumbres.SDSS_gp,LasCumbres,,4647.9,1487.5,0.9520,0.0000,0.9886,2,False
g,Gemini/GMOS-N.g,Gemini,GMOS-N,4650.2,1545.9,0.9523,0.0000,0.9905,2,False
g,WIYN/NESSI.g_filter,WIYN,NESSI,4742.8,1505.4,0.9524,0.0000,0.9879,2,False
g,Gemini/GMOS-S.g,Gemini,GMOS-S,4642.3,1550.3,0.9524,0.0000,0.9903,2,False
g,GTC/HIPERCAM.g_s_filter,GTC,HiPERCAM,4686.8,1486.9,0.9525,0.0000,0.9890,2,False
g,LBT/LBCB.sdss-g_1,LBT,LBC,4694.6,1520.0,0.9525,0.0000,0.9883,2,False
g,WHT/PAUCam.g,WHT,PAUCam,4711.0,1334.4,0.9526,0.0177,0.9874,2,False
g,WHT/ULTRACAM.g_s_filter,WHT,ULTRACAM,4689.8,1486.9,0.9526,0.0000,0.9895,2,False
g,LSST/LSST.g_filter,LSST,LSST,4704.1,1466.9,0.9530,0.0000,0.9897,2,False
g,WHT/ULTRACAM.g_s,WHT,ULTRACAM,4704.5,1469.3,0.9530,0.0000,0.9891,2,False
g,CTIO/S-PLUS.g,CTIO,S-PLUS,4715.8,1505.5,0.9532,0.0000,0.9893,2,False
g,GTC/HIPERCAM.g_s_noatm,GTC,HiPERCAM,4702.8,1437.9,0.9533,0.0000,0.9900,2,False
g,OAJ/JPLUS.gSDSS_filter,OAJ,T80Cam,4702.3,1489.1,0.9539,0.0000,0.9911,2,False
g,STELLA/WiFSIP.Sloan_g,STELLA,WiFSIP,4645.8,1522.2,0.9540,0.0000,0.9923,2,False
g,CFHT/MegaCam.g,CFHT,MegaCam,4721.1,1532.2,0.9543,0.0000,0.9916,2,False
g,WHT/ULTRACAM.g_noatm,WHT,ULTRACAM,4739.9,1358.7,0.9544,0.0000,0.9891,2,False
g,CTIO/DECam.g_old,CTIO,DECam,4770.1,1104.1,0.9545,0.0000,0.9872,2,False
g,GTC/HIPERCAM.g_s,GTC,HiPERCAM,4723.6,1380.4,0.9546,0.0000,0.9897,2,False
g,WHT/ULTRACAM.g,WHT,ULTRACAM,4761.3,1240.1,0.9547,0.0000,0.9887,2,False
g,Liverpool/RATCam.sdss-g,LT,RATCam,4730.2,1334.7,0.9547,0.0000,0.9861,2,False
g,CTIO/DECam.g,CTIO,DECam,4769.9,1110.2,0.9549,0.0000,0.9877,2,False
g,SOFIA/HIPO.g_sdss_d675_alm,SOFIA,HIPO,4705.0,1380.1,0.9549,0.0000,0.9891,2,False
g,CSST/SC0-Phot.g,CSST,CSS-OS,4729.3,1476.6,0.9552,0.0000,0.9918,2,False
g,LSST/LSST.g,LSST,LSST,4740.7,1419.4,0.9553,0.0000,0.9898,2,False
g,TNO/ULTRACAM.g-3,TNO,ULTRACAM,4652.4,1476.4,0.9555,0.0000,0.9929,2,False
g,PAN-STARRS/PS1.g,PAN-STARRS,PAN-STARRS,4810.2,1148.7,0.9555,0.0000,0.9869,2,False
g,Liverpool/IOO.SDSS-g_filter,LT,IO:O,4733.3,1473.6,0.9557,0.0000,0.9928,2,False
g,Mercator/MAIA.g,Mercator,MAIA,4784.3,1175.0,0.9559,0.0000,0.9854,2,False
g,TNT/ULTRASPEC.g_filter,TNT,ULTRASPEC,4702.7,1483.4,0.9560,0.0000,0.9936,2,False
g,TNO/ULTRACAM.g-2,TNO,ULTRACAM,4663.6,1504.9,0.9560,0.0000,0.9937,2,False
g,LCO/IMACS.sloan_g,LCO,IMACS,4677.2,1483.2,0.9562,0.0000,0.9922,2,False
g,OAO/MuSCAT.gp2,OAO,MuSCAT,4754.3,1386.5,0.9563,0.0000,0.9897,2,False
g,CTIO/Y4KCam.sdss_g,CTIO,Y4KCam,4691.4,1496.3,0.9563,0.0000,0.9918,2,False
g,LBT/MODS.sdss_g,LBT,MODS,4730.6,1449.3,0.9563,0.0000,0.9918,2,False
g,OAO/KOOLS.sdss_g_filter,OAO,KOOLS,4710.0,1416.9,0.9563,0.0000,0.9915,2,False
g,OAO/KOOLS.sdss_g,OAO,KOOLS,4711.6,1415.2,0.9564,0.0000,0.9914,2,False
g,McD/DIAFI.sdss_g,McDonalds,DIAFI,4669.5,1464.4,0.9564,0.0000,0.9917,2,False
g,BOK/BASS.g_filter,BOK,90prime,4707.5,1448.3,0.9567,0.0000,0.9932,2,False
g,TNG/DOLORES.SDSS_g,TNG,DOLORES,4671.0,1496.8,0.9567,0.0000,0.9940,2,False
g,TNG/TNG.TNG30,TNG,,4671.0,1496.8,0.9569,0.0000,0.9941,2,False
g,LCO/e2v.g,LCO,e2v,4716.7,1442.8,0.9569,0.0000,0.9927,2,False
g,LCO/CSP2.g,LCO,Swope,4716.7,1442.8,0.9569,0.0000,0.9927,2,False
g,NOT/NOT.083,NOT,,4685.8,1461.4,0.9571,0.0000,0.9920,2,False
g,LCO/CSP.g,LCO,SITe3,4733.6,1364.1,0.9574,0.0000,0.9931,2,False
g,LCO/SITe3.g,LCO,SITe3,4733.6,1364.1,0.9574,0.0000,0.9931,2,False
g,TNG/OIG.SDSS_g,TNG,OIG,4677.6,1482.3,0.9575,0.0000,0.9943,2,False
g,VATT/VATT.g_sdss,VATT,,4680.4,1466.4,0.9575,0.0000,0.9941,2,False
g,TNG/TNG.TNG35,TNG,,4677.7,1482.4,0.9577,0.0000,0.9944,2,False
g,IAC80/CAMELOT.sdss_g,IAC80,CAMELOT,4683.1,1434.3,0.9577,0.0000,0.9930,2,False
g,CTIO/MosaicII.gSDSS,CTIO,MosaicII,4743.7,1321.0,0.9578,0.0000,0.9918,2,False
g,BOK/BASS.g,BOK,90prime,4729.3,1418.6,0.9578,0.0000,0.9931,2,False
g,SLOAN/SDSS.gprime_filter,SLOAN,,4723.6,1401.3,0.9579,0.0000,0.9918,2,False
g,TNT/ULTRASPEC.g,TNT,ULTRASPEC,4784.2,1217.5,0.9583,0.0000,0.9908,2,False
g,FLWO/KeplerCam.g,FLWO,KeplerCam,4735.9,1350.9,0.9585,0.0000,0.9932,2,False
g,TNT/ULTRASPEC.g_noatm,TNT,ULTRASPEC,4764.0,1256.4,0.9587,0.0000,0.9928,2,False
g,GTC/HIPERCAM.g,GTC,HiPERCAM,4769.4,1244.9,0.9591,0.0000,0.9905,2,False
g,GTC/HIPERCAM.g_noatm,GTC,HiPERCAM,4750.3,1297.1,0.9592,0.0000,0.9919,2,False
r,OAO/MuSCAT.zs2,OAO,MuSCAT,8683.5,922.9,0.0008,0.0000,0.0000,75,True
r,LaSilla/EFOSC.ESO784,La Silla,EFOSC,6656.7,1032.2,0.7194,0.0000,0.6977,1,False
r,TNG/TNG.TNG15,TNG,,6582.3,1128.3,0.7649,0.0000,0.7477,1,False
r,CAHA/CAHA.663_105c,CAHA,,6598.2,1043.5,0.7957,0.0000,0.7822,1,False
r,CAHA/CAHA.664_114,CAHA,,6586.3,1139.0,0.8020,0.0000,0.7900,1,False
r,LCO/IMACS.sloan_r,LCO,IMACS,6463.6,995.3,0.8104,0.0000,0.8105,1,False
r,Paranal/FORS1.ESO1041,Paranal,FORS1,6489.4,801.2,0.8113,0.0000,0.8070,1,False
r,KPNO/KP4in.Gunn_r,KPNO,KP4in,6467.7,789.6,0.8192,0.0000,0.8152,1,False
r,CAHA/CAHA.656_84,CAHA,,6520.0,845.8,0.8331,0.0000,0.8329,1,False
r,VATT/VATT.r,VATT,,6310.0,1186.3,0.8779,0.0624,0.8915,1,False
r,WHT/PAUCam.r,WHT,PAUCam,6376.4,1464.1,0.8980,0.0000,0.9082,1,False
r,BOK/BASS.r_filter,BOK,90prime,6352.5,1422.8,0.9040,0.0000,0.9145,1,False
r,BOK/BASS.r,BOK,90prime,6345.2,1425.2,0.9041,0.0000,0.9151,1,False
r,LaSilla/GROND.r,La Silla,GROND,6096.7,1692.1,0.9126,0.0000,0.9405,1,False
r,CSST/SC0-Phot.r_fil,CSST,CSS-OS,6077.3,1452.3,0.9225,0.0000,0.9667,1,False
r,CSST/SC0-Phot.r_ccd,CSST,CSS-OS,6075.1,1453.1,0.9239,0.0000,0.9684,1,False
r,MMT/MMTCam.r,MMT,MMTCam,6121.8,1642.9,0.9252,0.0000,0.9569,1,False
r,OAO/MuSCAT.rp2,OAO,MuSCAT,6245.6,1292.6,0.9332,0.0000,0.9621,1,False
r,FLWO/KeplerCam.r,FLWO,KeplerCam,6199.0,1528.5,0.9363,0.0000,0.9658,1,False
r,LCO/MagIC.sdss_r,LCO,MagIC,6100.7,1399.9,0.9364,0.0000,0.9815,1,False
r,GTC/HIPERCAM.r_s_noatm,GTC,HiPERCAM,6146.8,1331.6,0.9376,0.0000,0.9847,1,False
r,TNO/ULTRACAM.super_r,TNO,ULTRACAM,6113.6,1374.3,0.9380,0.0000,0.9867,1,False
r,GTC/HIPERCAM.r_s,GTC,HiPERCAM,6153.8,1319.2,0.9383,0.0000,0.9847,1,False
r,TNO/ULTRACAM.r-3,TNO,ULTRACAM,6108.9,1331.2,0.9393,0.0000,0.9845,1,False
r,Mercator/MAIA.r,Mercator,MAIA,6335.5,1175.9,0.9394,0.0000,0.9601,1,False
r,WIYN/NESSI.r,WIYN,NESSI,6135.1,1437.3,0.9408,0.0000,0.9847,1,False
r,CSST/SC0-Phot.r,CSST,CSS-OS,6121.6,1433.5,0.9409,0.0000,0.9836,1,False
r,FLWO/KeplerCam.r_old,FLWO,KeplerCam,6180.9,1469.5,0.9411,0.0000,0.9716,1,False
r,LBT/LBCR.sdss-r,LBT,LBC,6232.3,1238.2,0.9413,0.0000,0.9717,1,False
r,NOT/NOT.110,NOT,,6112.6,1475.4,0.9416,0.0000,0.9790,1,False
r,TNG/DOLORES.SDSS_r,TNG,DOLORES,6127.5,1286.4,0.9416,0.0000,0.9851,1,False
r,TNG/OIG.SDSS_r,TNG,OIG,6127.5,1286.4,0.9416,0.0000,0.9851,1,False
r,TNG/TNG.TNG31,TNG,,6127.6,1286.4,0.9423,0.0000,0.9851,1,False
r,TNG/TNG.TNG36,TNG,,6127.6,1286.4,0.9423,0.0000,0.9851,1,False
r,STELLA/WiFSIP.Sloan_r,STELLA,WiFSIP,6120.3,1329.4,0.9426,0.0000,0.9869,1,False
r,NOT/NOT.084,NOT,,6211.2,1476.7,0.9430,0.0000,0.9703,1,False
r,Gemini/GMOS-S.r,Gemini,GMOS-S,6243.8,1414.6,0.9435,0.0000,0.9688,1,False
r,GTC/HIPERCAM.r_noatm,GTC,HiPERCAM,6186.1,1254.4,0.9438,0.0000,0.9874,1,False
r,GTC/HIPERCAM.r_s_filter,GTC,HiPERCAM,6166.7,1369.1,0.9439,0.0000,0.9893,1,False
r,GTC/HIPERCAM.r,GTC,HiPERCAM,6192.8,1242.3,0.9441,0.0000,0.9870,1,False
r,WHT/ULTRACAM.r_s_filter,WHT,ULTRACAM,6170.8,1369.1,0.9444,0.0000,0.9887,1,False
r,KPNO/MOSAIC.r_sdss,KPNO,MOSAIC,6196.9,1475.2,0.9445,0.0000,0.9755,1,False
r,IAC80/CAMELOT.sdss_r,IAC80,CAMELOT,6141.1,1429.3,0.9446,0.0000,0.9851,1,False
r,WIYN/ODI.r,WIYN,ODI,6135.4,1390.4,0.9453,0.0000,0.9912,1,False
r,Paranal/OmegaCAM.r_CAL_filter,Paranal,OmegaCAM,6177.5,1462.4,0.9462,0.0000,0.9830,1,False
r,TNO/ULTRACAM.r-2,TNO,ULTRACAM,6124.6,1339.1,0.9465,0.0000,0.9889,1,False
r,TNT/ULTRASPEC.r_filter,TNT,ULTRASPEC,6149.8,1313.3,0.9465,0.0000,0.9889,1,False
r,WHT/ULTRACAM.r_s_noatm,WHT,ULTRACAM,6208.8,1287.3,0.9466,0.0000,0.9860,1,False
r,WHT/ULTRACAM.r_s,WHT,ULTRACAM,6215.2,1259.6,0.9470,0.0000,0.9862,1,False
r,VATT/VATT.r_sdss,VATT,,6146.1,1286.6,0.9473,0.0000,0.9895,1,False
r,TNT/ULTRASPEC.r_noatm,TNT,ULTRASPEC,6159.9,1303.8,0.9474,0.0000,0.9886,1,False
r,TNT/ULTRASPEC.r,TNT,ULTRASPEC,6167.6,1286.1,0.9478,0.0000,0.9881,1,False
r,LSST/LSST.r_filter,LSST,LSST,6155.8,1365.2,0.9479,0.0000,0.9893,1,False
r,CTIO/Y4KCam.sdss_r,CTIO,Y4KCam,6176.6,1372.6,0.9481,0.0000,0.9883,1,False
r,LBT/MODS.sdss_r,LBT,MODS,6202.2,1349.7,0.9481,0.0000,0.9883,1,False
r,Paranal/OmegaCAM.r_SDSS_filter,Paranal,OmegaCAM,6255.3,1342.8,0.9483,0.0000,0.9745,1,False
r,Gemini/GMOS-N.r,Gemini,GMOS-N,6224.3,1363.5,0.9485,0.0000,0.9770,1,False
r,Liverpool/RATCam.sdss-r,LT,RATCam,6164.8,1405.0,0.9486,0.0000,0.9869,1,False
r,LasCumbres/LasCumbres.SDSS_rp,LasCumbres,,6150.2,1391.4,0.9488,0.0000,0.9879,1,False
r,McD/DIAFI.sdss_r,McDonalds,DIAFI,6149.3,1293.4,0.9490,0.0000,0.9912,1,False
r,Paranal/OmegaCAM.r_SDSS,Paranal,OmegaCAM,6241.3,1354.3,0.9492,0.0000,0.9769,1,False
r,INT/WFC.Gunn_r,INT,WFC,6153.4,1339.3,0.9493,0.0000,0.9902,1,False
r,LSST/LSST.r,LSST,LSST,6172.3,1327.3,0.9495,0.0000,0.9895,1,False
r,LCO/CSP.r,LCO,SITe3,6184.7,1290.3,0.9497,0.0000,0.9926,1,False
r,LCO/CSP2.r,LCO,Swope,6180.8,1300.7,0.9502,0.0000,0.9925,1,False
r,INT/UVEX.r,INT,WFC,6177.7,1357.5,0.9503,0.0000,0.9898,1,False
r,WHT/ULTRACAM.r_noatm,WHT,ULTRACAM,6249.1,1241.8,0.9503,0.0000,0.9807,1,False
r,WHT/ULTRACAM.r,WHT,ULTRACAM,6255.5,1229.7,0.9504,0.0000,0.9801,1,False
r,CFHT/MegaCam.r_1,CFHT,MegaCam,6207.2,1241.2,0.9506,0.0000,0.9902,1,False
r,LBT/LBCB.sdss-r_2,LBT,LBC,6150.0,1351.2,0.9510,0.0000,0.9925,1,False
r,CTIO/SOI.sdss_r,CTIO,SOI,6180.9,1388.8,0.9519,0.0000,0.9895,1,False
r,LBT/LBCB.sdss-r_1,LBT,LBC,6174.0,1312.2,0.9520,0.0000,0.9925,1,False
r,TNO/ULTRACAM.r,TNO,ULTRACAM,6165.5,1331.4,0.9523,0.0000,0.9924,1,False
r,WHT/ULTRACAM.r_filter,WHT,ULTRACAM,6222.3,1312.6,0.9528,0.0000,0.9864,1,False
r,GTC/HIPERCAM.r_filter,GTC,HiPERCAM,6218.1,1312.6,0.9530,0.0000,0.9876,1,False
r,CAHA/LAICA.SDSS_r,CAHA,LAICA,6187.4,1385.7,0.9532,0.0000,0.9880,1,False
i,CSTAR/CSTAR2.g,CSTAR,CSTAR,4619.0,1487.8,0.0009,0.0000,0.0000,67,True
i,CSTAR/CSTAR4.r,CSTAR,CSTAR,6283.9,1382.1,0.1516,0.0048,0.1587,67,True
i,LCO/CCD3x3.LC-3016,LCO,,8565.8,3058.6,0.5978,0.0030,0.6086,2,True
i,KPNO/KP4in.Gunn_I,KPNO,KP4in,8104.1,1288.9,0.7219,0.0000,0.7385,2,False
i,VATT/VATT.i,VATT,,8038.8,1623.8,0.7484,0.0000,0.7612,2,False
i,TNG/TNG.TNG07,TNG,,8091.8,2135.8,0.7620,0.0000,0.7802,2,False
i,INT/WFC.RGO_i,INT,WFC,8044.6,1711.5,0.7727,0.0000,0.7929,2,False
i,LaSilla/EFOSC.ESO705,La Silla,EFOSC,7946.2,1548.8,0.8100,0.0000,0.8361,2,False
i,LaSilla/GROND.i,La Silla,GROND,7604.4,1001.7,0.8594,0.0000,0.8985,2,False
i,LasCumbres/LasCumbres.SDSS_ip,LasCumbres,,7470.5,1287.7,0.8910,0.0000,0.9425,2,False
i,LSST/LSST.i_filter,LSST,LSST,7504.6,1252.3,0.8924,0.0000,0.9444,2,False
i,WIYN/ODI.i,WIYN,ODI,7507.6,1295.8,0.8976,0.0000,0.9454,2,False
i,Liverpool/RATCam.sdss-i,LT,RATCam,7655.0,1770.0,0.9070,0.0000,0.9414,2,False
i,CFHT/MegaCam.i_2,CFHT,MegaCam,7497.3,1588.7,0.9173,0.0000,0.9690,2,False
i,GTC/HIPERCAM.i,GTC,HiPERCAM,7617.3,1279.8,0.9195,0.0000,0.9622,2,False
i,NOT/NOT.111,NOT,,7606.3,1715.5,0.9196,0.0000,0.9561,2,False
i,Paranal/OmegaCAM.i_SDSS,Paranal,OmegaCAM,7507.7,1575.4,0.9200,0.0000,0.9695,2,False
i,Gemini/GMOS-S.i,Gemini,GMOS-S,7719.0,1440.9,0.9233,0.0000,0.9643,2,False
i,CSTAR/CSTAR1.i,CSTAR,CSTAR,7705.4,1608.8,0.9234,0.0000,0.9634,2,False
i,WIYN/NESSI.i,WIYN,NESSI,7541.7,1472.1,0.9235,0.0000,0.9781,2,False
i,CSST/SC0-Phot.i_fil,CSST,CSS-OS,7556.1,1555.0,0.9250,0.0000,0.9773,2,False
i,TNT/ULTRASPEC.i,TNT,ULTRASPEC,7530.3,1345.7,0.9251,0.0000,0.9768,2,False
i,WHT/ULTRACAM.i_s,WHT,ULTRACAM,7605.3,1429.9,0.9252,0.0000,0.9760,2,False
i,Gemini/GMOS-N.i,Gemini,GMOS-N,7713.5,1440.0,0.9253,0.0000,0.9687,2,False
i,TNT/ULTRASPEC.i_noatm,TNT,ULTRASPEC,7529.0,1346.2,0.9255,0.0000,0.9779,2,False
i,WHT/ULTRACAM.i_s_filter,WHT,ULTRACAM,7695.7,1461.1,0.9259,0.0000,0.9745,2,False
i,WHT/ULTRACAM.i_s_noatm,WHT,ULTRACAM,7603.0,1427.6,0.9260,0.0000,0.9761,2,False
i,CSST/SC0-Phot.i_ccd,CSST,CSS-OS,7558.6,1555.8,0.9264,0.0000,0.9792,2,False
i,WHT/ULTRACAM.i,WHT,ULTRACAM,7585.2,1276.6,0.9268,0.0000,0.9725,2,False
i,GTC/HIPERCAM.i_s_filter,GTC,HiPERCAM,7690.7,1461.1,0.9270,0.0000,0.9746,2,False
i,WHT/ULTRACAM.i_noatm,WHT,ULTRACAM,7583.8,1280.0,0.9272,0.0000,0.9731,2,False
i,LCO/MagIC.sdss_i,LCO,MagIC,7565.3,1435.3,0.9275,0.0000,0.9798,2,False
i,Paranal/OmegaCAM.i_SDSS_filter,Paranal,OmegaCAM,7581.2,1576.1,0.9275,0.0000,0.9736,2,False
i,FLWO/KeplerCam.i_old,FLWO,KeplerCam,7664.8,1559.5,0.9281,0.0000,0.9690,2,False
i,WHT/PAUCam.i,WHT,PAUCam,7672.0,1570.8,0.9282,0.0161,0.9694,2,False
i,MMT/MMTCam.i,MMT,MMTCam,7590.2,1565.9,0.9299,0.0000,0.9805,2,False
i,Paranal/OmegaCAM.i_CAL,Paranal,OmegaCAM,7552.5,1551.6,0.9301,0.0000,0.9819,2,False
i,TNO/ULTRACAM.i,TNO,ULTRACAM,7599.7,1340.0,0.9307,0.0000,0.9782,2,False
i,FLWO/KeplerCam.i,FLWO,KeplerCam,7645.8,1496.2,0.9311,0.0000,0.9775,2,False
i,TNO/ULTRACAM.i-3,TNO,ULTRACAM,7608.3,1364.8,0.9317,0.0000,0.9792,2,False
i,LCO/CSP.i,LCO,SITe3,7585.3,1370.7,0.9317,0.0000,0.9821,2,False
i,TNO/ULTRACAM.super_i,TNO,ULTRACAM,7633.1,1467.2,0.9317,0.0000,0.9835,2,False
i,CAHA/LAICA.SDSS_i,CAHA,LAICA,7658.5,1545.6,0.9318,0.0000,0.9742,2,False
i,McD/DIAFI.sdss_i,McDonalds,DIAFI,7593.7,1370.9,0.9318,0.0000,0.9808,2,False
i,IAC80/CAMELOT.sdss_i,IAC80,CAMELOT,7626.4,1567.3,0.9320,0.0000,0.9783,2,False
i,INT/WFC.Gunn_i,INT,WFC,7663.3,1523.0,0.9322,0.0000,0.9775,2,False
i,WHT/ULTRACAM.i_filter,WHT,ULTRACAM,7659.8,1325.8,0.9323,0.0000,0.9805,2,False
i,LCO/CSP2.i,LCO,Swope,7603.7,1371.9,0.9323,0.0000,0.9816,2,False
i,GTC/HIPERCAM.i_filter,GTC,HiPERCAM,7654.7,1325.8,0.9324,0.0000,0.9803,2,False
i,Paranal/OmegaCAM.i_CAL_filter,Paranal,OmegaCAM,7626.1,1565.8,0.9332,0.0000,0.9807,2,False
i,CAHA/Astralux.sdss_i,CAHA,Astralux,7609.8,1367.8,0.9333,0.0000,0.9831,2,False
i,CSST/SC0-Phot.i,CSST,CSS-OS,7578.8,1537.4,0.9333,0.0000,0.9842,2,False
i,TNO/ULTRACAM.i-2,TNO,ULTRACAM,7605.8,1373.7,0.9335,0.0000,0.9822,2,False
i,TNT/ULTRASPEC.i_filter,TNT,ULTRASPEC,7627.4,1346.8,0.9336,0.0000,0.9823,2,False
i,CAHA/Astralux.sdss_i_noatm,CAHA,Astralux,7609.7,1368.3,0.9337,0.0000,0.9835,2,False
i,LCO/IMACS.sloan_i,LCO,IMACS,7654.4,1520.0,0.9342,0.0000,0.9809,2,False
i,KPNO/MOSAIC.i_sdss,KPNO,MOSAIC,7633.0,1539.9,0.9343,0.0000,0.9812,2,False
i,CTIO/Y4KCam.sdss_i,CTIO,Y4KCam,7606.1,1502.8,0.9345,0.0000,0.9873,2,False
i,LBT/MODS.sdss_i,LBT,MODS,7631.1,1478.6,0.9345,0.0000,0.9873,2,False
i,NOT/NOT.085,NOT,,7603.5,1533.0,0.9351,0.0000,0.9824,2,False
i,STELLA/WiFSIP.Sloan_i,STELLA,WiFSIP,7627.3,1381.2,0.9353,0.0000,0.9853,2,False
i,CTIO/SOI.sdss_i,CTIO,SOI,7627.5,1517.6,0.9361,0.0000,0.9841,2,False
i,VATT/VATT.i_sdss,VATT,,7616.3,1376.5,0.9364,0.0000,0.9856,2,False
i,TNG/DOLORES.SDSS_i,TNG,DOLORES,7616.0,1430.7,0.9373,0.0000,0.9870,2,False
i,TNG/OIG.SDSS_i,TNG,OIG,7616.0,1430.7,0.9373,0.0000,0.9870,2,False
i,TNG/TNG.TNG32,TNG,,7616.0,1430.7,0.9378,0.0000,0.9871,2,False
i,TNG/TNG.TNG37,TNG,,7616.0,1430.7,0.9378,0.0000,0.9871,2,False
i,LBT/LBCR.sdss-i,LBT,LBC,7629.8,1476.4,0.9380,0.0000,0.9870,2,False
z,Subaru/CIAO.z,Subaru,CIAO,10313.8,499.0,0.3078,0.0000,0.3111,69,True
z,Subaru/OHS.z,Subaru,OHS,10115.9,1896.0,0.5490,0.0000,0.5301,43,True
z,INT/WFC.RGO_z,INT,WFC,8743.0,463.3,0.5658,0.0000,0.5934,41,True
z,ING/ING.024,ING,,8740.4,472.4,0.5684,0.0000,0.5986,41,True
z,SLOAN/SDSS.zprime_filter,SLOAN,,10500.6,4985.7,0.6470,0.3312,0.6170,8,True
z,Liverpool/RATCam.sdss-z,LT,RATCam,10211.4,5117.5,0.6605,0.3426,0.6355,8,False
z,WIYN/ODI.z,WIYN,ODI,8667.5,1040.3,0.6672,0.0000,0.6624,10,False
z,PAN-STARRS/PS1.z,PAN-STARRS,PAN-STARRS,8668.4,1038.8,0.6684,0.0000,0.6606,10,False
z,LasCumbres/LasCumbres.PS_z,LasCumbres,,8670.3,1026.1,0.6749,0.0000,0.6719,8,False
z,LSST/LSST.z,LSST,LSST,8678.9,1024.1,0.6751,0.0000,0.6717,9,False
z,LSST/LSST.z_filter,LSST,LSST,8695.5,1043.3,0.6797,0.0000,0.6808,7,False
z,KPNO/KP4in.Gunn_z,KPNO,KP4in,9948.1,3526.8,0.7487,0.3757,0.7142,8,False
z,FLWO/KeplerCam.z,FLWO,KeplerCam,10024.0,3455.4,0.7543,0.3816,0.7206,8,False
z,Paranal/FORS1.ESO1042,Paranal,FORS1,9913.0,3552.3,0.7567,0.3833,0.7240,8,False
z,WHT/ULTRACAM.z_filter,WHT,ULTRACAM,9981.7,3618.5,0.7603,0.3970,0.7317,7,False
z,GTC/HIPERCAM.z_filter,GTC,HiPERCAM,9975.4,3618.3,0.7613,0.3979,0.7332,6,False
z,OAJ/JPLUS.zSDSS_filter,OAJ,T80Cam,9956.6,3566.4,0.7650,0.3977,0.7378,5,False
z,TNO/ULTRACAM.z,TNO,ULTRACAM,9823.1,3708.4,0.7674,0.4036,0.7422,3,False
z,CFHT/Megaprime.zS_fil,CFHT,Megaprime,9915.3,3695.0,0.7687,0.4126,0.7437,3,False
z,CFHT/Megaprime.z_fil,CFHT,Megaprime,9916.2,3695.0,0.7687,0.4126,0.7436,3,False
z,BOK/90prime.sdss_z,BOK,90prime,9808.3,3716.0,0.7709,0.4142,0.7446,3,False
z,TNG/DOLORES.SDSS_z,TNG,DOLORES,9801.5,3718.1,0.7727,0.4167,0.7468,3,False
z,TNG/OIG.SDSS_z,TNG,OIG,9801.5,3718.1,0.7727,0.4167,0.7468,3,False
z,TNG/TNG.TNG33,TNG,,,3718.1,0.7729,0.4167,0.7468,3,False
z,TNG/TNG.TNG38,TNG,,,3718.1,0.7729,0.4167,0.7468,3,False
z,Paranal/OmegaCAM.z_SDSS,Paranal,OmegaCAM,8881.6,860.9,0.7902,0.0062,0.8666,2,False
z,FLWO/KeplerCam.z_old,FLWO,KeplerCam,9796.6,3020.1,0.7960,0.4214,0.7867,2,False
z,CTIO/Y4KCam.sdss_z,CTIO,Y4KCam,9041.4,1395.0,0.8046,0.0117,0.7688,2,False
z,LBT/MODS.sdss_z,LBT,MODS,9059.6,1393.6,0.8046,0.0117,0.7688,2,False
z,TNG/TNG.TNG16,TNG,,9208.1,1493.2,0.8055,0.0487,0.7979,2,False
z,CFHT/MegaCam.z,CFHT,MegaCam,8969.5,774.0,0.8074,0.0499,0.8009,2,False
z,LCO/MagIC.sdss_z,LCO,MagIC,9035.4,1405.2,0.8076,0.0190,0.7789,2,False
z,CTIO/DECam.z,CTIO,DECam,9154.9,1476.8,0.8106,0.0561,0.7960,2,False
z,KPNO/MzLS.z,KPNO,Mosaic3,9185.5,1451.2,0.8111,0.0796,0.8050,2,False
z,KPNO/MzLS.z_filter,KPNO,Mosaic3,9185.5,1451.2,0.8111,0.0796,0.8050,2,False
z,Gemini/GMOS-S.z,Gemini,GMOS-S,9177.9,1539.4,0.8112,0.0473,0.8007,2,False
z,CAHA/Omega2000.z,CAHA,Omega2000,8989.0,1628.5,0.8122,0.0207,0.8051,2,False
z,CTIO/SOI.sdss_z,CTIO,SOI,9616.6,3056.6,0.8132,0.4431,0.8118,2,False
z,Paranal/OmegaCAM.z_SDSS_filter,Paranal,OmegaCAM,9026.3,1225.7,0.8136,0.0410,0.8015,2,False
z,CTIO/DECam.z_old,CTIO,DECam,9155.1,1485.2,0.8137,0.0575,0.8004,2,False
z,CAHA/LAICA.SDSS_z,CAHA,LAICA,9068.1,1690.0,0.8171,0.0414,0.8110,2,False
z,CFHT/MegaCam.z_1,CFHT,MegaCam,8793.4,921.7,0.8197,0.1836,0.8421,2,False
z,Gemini/GMOS-N.z,Gemini,GMOS-N,9573.6,2538.6,0.8287,0.4617,0.8392,2,False
z,LCO/IMACS.sloan_z,LCO,IMACS,9554.5,2852.6,0.8308,0.4677,0.8398,2,False
z,Subaru/Suprime.z_filter,Subaru,Suprime,9150.5,1403.9,0.8359,0.1097,0.8364,2,False
z,WHT/PAUCam.z,WHT,PAUCam,9086.5,1531.9,0.8359,0.0816,0.8242,2,False
z,Paranal/VIMOS.z,Paranal,VIMOS,8988.9,1166.7,0.8369,0.0561,0.8331,2,False
z,LBT/LBCR.sdss-z,LBT,LBC,9536.4,2595.4,0.8369,0.4753,0.8435,2,False
z,WHT/ULTRACAM.z_s_filter,WHT,ULTRACAM,9588.6,2679.9,0.8373,0.4767,0.8509,2,False
z,NOT/NOT.086,NOT,,9266.3,1914.5,0.8373,0.3111,0.8631,1,False
z,NOT/StanCam.SDSS_z,NOT,StanCam,9267.7,1914.5,0.8375,0.3112,0.8633,1,False
z,GTC/HIPERCAM.z_s_filter,GTC,HiPERCAM,9582.5,2679.9,0.8384,0.4778,0.8503,2,False
z,GTC/OSIRIS.sdss_z_filter,GTC,Osiris,9589.6,2559.4,0.8395,0.4640,0.8500,2,False
z,TNT/ULTRASPEC.z,TNT,ULTRASPEC,8903.4,1083.7,0.8397,0.1075,0.8783,2,False
z,KPNO/MOSAIC.z_sdss,KPNO,MOSAIC,9500.0,2661.4,0.8404,0.4659,0.8519,2,False
z,IAC80/CAMELOT.sdss_z,IAC80,CAMELOT,9496.7,2673.3,0.8404,0.4673,0.8521,2,False
z,TNT/ULTRASPEC.z_noatm,TNT,ULTRASPEC,8918.0,1152.4,0.8409,0.1051,0.8696,2,False
z,P200/LFC.sdss_z_filter,Palomar,LFC,9558.5,2593.9,0.8411,0.4678,0.8520,2,False
z,CAHA/Astralux.sdss_z_filter,CAHA,Astralux,9569.6,2617.1,0.8414,0.4823,0.8472,2,False
z,CTIO/MosaicII.zSDSS,CTIO,MosaicII,9559.2,2555.6,0.8416,0.4669,0.8507,2,False
z,OAO/KOOLS.sdss_z_filter,OAO,KOOLS,9566.4,2620.1,0.8425,0.4829,0.8485,2,False
z,TNO/ULTRACAM.z-3,TNO,ULTRACAM,9501.9,2657.3,0.8425,0.4824,0.8489,2,False
z,McD/DIAFI.sdss_z,McDonalds,DIAFI,9504.2,2645.8,0.8429,0.4831,0.8486,2,False
z,STELLA/WiFSIP.Sloan_z,STELLA,WiFSIP,9496.2,2670.0,0.8432,0.4812,0.8496,2,False
z,VATT/VATT.z_sdss,VATT,,9500.2,2663.0,0.8432,0.4813,0.8497,2,False
z,Liverpool/IOO.SDSS-z_filter,LT,IO:O,9561.1,2630.9,0.8433,0.4835,0.8491,2,False
z,TNO/ULTRACAM.super_z,TNO,ULTRACAM,9480.4,2694.1,0.8445,0.4839,0.8520,2,False
z,TNO/ULTRACAM.z-2,TNO,ULTRACAM,9484.8,2675.1,0.8454,0.4861,0.8512,2,False
z,TNT/ULTRASPEC.z_filter,TNT,ULTRASPEC,9544.9,2656.9,0.8454,0.4861,0.8512,2,False
z,CSST/SC0-Phot.z_fil,CSST,CSS-OS,9408.3,2243.2,0.8462,0.5206,0.8790,0,False
z,CTIO/S-PLUS.z,CTIO,S-PLUS,8913.5,1170.2,0.8467,0.1862,0.8757,2,False
z,MMT/MMTCam.z,MMT,MMTCam,9331.5,2366.6,0.8523,0.5224,0.8838,0,False
z,P200/LFC.sdss_z,Palomar,LFC,8972.3,1354.5,0.8533,0.1698,0.8559,2,False
z,NOT/NOT.112,NOT,,9441.0,2612.5,0.8533,0.4864,0.8516,2,False
z,GTC/HIPERCAM.z_s,GTC,HiPERCAM,8989.2,941.3,0.8562,0.1996,0.8500,2,False
z,GTC/HIPERCAM.z_s_noatm,GTC,HiPERCAM,9001.8,1114.7,0.8571,0.1951,0.8517,2,False
z,CSST/SC0-Phot.z,CSST,CSS-OS,8979.9,1090.0,0.8575,0.1712,0.8486,2,False
z,LaSilla/GROND.z,La Silla,GROND,8927.5,1274.4,0.8618,0.2054,0.8727,2,False
z,GTC/HIPERCAM.z,GTC,HiPERCAM,9009.2,1129.2,0.8624,0.2046,0.8605,2,False
z,SOFIA/FPI.z_sdss,SOFIA,FPI,8931.4,1117.1,0.8627,0.2378,0.8757,2,False
z,SLOAN/SDSS.z,SLOAN,,8922.8,998.5,0.8628,0.2120,0.8789,2,False
z,GTC/HIPERCAM.z_noatm,GTC,HiPERCAM,9021.5,1188.7,0.8629,0.1998,0.8617,2,False
z,WIYN/NESSI.z,WIYN,NESSI,8972.7,1144.6,0.8633,0.2469,0.8769,2,False
z,SOFIA/HIPO.z_sdss_d675_alm,SOFIA,HIPO,9013.0,1459.3,0.8653,0.2026,0.8741,2,False
z,WHT/ULTRACAM.z_s_noatm,WHT,ULTRACAM,9111.7,1603.2,0.8665,0.2537,0.8854,1,False
z,WHT/ULTRACAM.z_noatm,WHT,ULTRACAM,9102.1,1685.5,0.8666,0.2538,0.8927,1,False
z,WHT/ULTRACAM.z_s,WHT,ULTRACAM,9101.3,1608.6,0.8668,0.2602,0.8853,2,False
z,SOFIA/HIPO.z_sdss_d675,SOFIA,HIPO,9097.4,1566.9,0.8672,0.2388,0.8866,2,False
z,WHT/ULTRACAM.z,WHT,ULTRACAM,9092.2,1689.7,0.8672,0.2604,0.8929,2,False
z,CSST/SC0-Phot.z_ccd,CSST,CSS-OS,9005.5,1209.0,0.8695,0.2215,0.8792,2,False
z,SkyMapper/SkyMapper.z,SkyMapper,SkyMapper,9120.3,850.9,0.8739,0.3290,0.9069,1,False
z,CAHA/Astralux.sdss_z,CAHA,Astralux,9066.6,937.9,0.8822,0.3211,0.9133,1,False
z,LCO/VisAO.zp,LCO,VisAO,9017.3,1163.0,0.8828,0.2605,0.9018,1,False
z,Paranal/FORS2.Gunn_z,Paranal,FORS2,9134.4,1414.6,0.8834,0.2823,0.9123,1,False
z,CAHA/Astralux.sdss_z_noatm,CAHA,Astralux,9081.7,1208.2,0.8838,0.3125,0.9162,1,False
z,OAO/KOOLS.sdss_z,OAO,KOOLS,9149.3,1439.0,0.8889,0.3596,0.9339,1,False
